tick,avgEnergy,avgBelief,socialCohesion,activeCount,depletedCount,sleeperCount,fiedlerValue,fModifier
1,81.7,0.23,0.55,50,0,0,0.45194805194805193
2,81.7,0.24,0.62,50,0,0,0.45194805194805193
3,81.7,0.25,0.64,50,0,0,0.45194805194805193
4,81.7,0.25,0.66,50,0,0,0.45194805194805193
5,81.7,0.25,0.67,50,0,0,0.44090909090909086
6,81.7,0.26,0.68,50,0,0,0.44090909090909086
7,81.7,0.26,0.68,50,0,0,0.44090909090909086
8,81.7,0.26,0.69,50,0,0,0.44090909090909086
9,81.8,0.27,0.69,50,0,0,0.44090909090909086
10,81.8,0.27,0.7,50,0,0,0.44090909090909086
11,81.8,0.27,0.7,50,0,0,0.44090909090909086
12,81.8,0.27,0.7,50,0,0,0.44090909090909086
13,81.8,0.27,0.7,50,0,0,0.44090909090909086
14,81.8,0.27,0.7,50,0,0,0.44090909090909086
15,81.8,0.27,0.7,50,0,0,0.062070773243904115
16,81.9,0.28,0.7,50,0,0,0.062070773243904115
17,81.9,0.28,0.7,50,0,0,0.062070773243904115
18,81.9,0.28,0.7,50,0,0,0.062070773243904115
19,82,0.28,0.7,50,0,0,0.062070773243904115
20,82,0.28,0.7,50,0,0,0.06391670465469361
21,82.1,0.28,0.7,50,0,0,0.06391670465469361
22,82.1,0.28,0.7,50,0,0,0.06391670465469361
23,82.1,0.28,0.71,50,0,0,0.06391670465469361
24,82.1,0.28,0.71,50,0,0,0.06391670465469361
25,82,0.28,0.71,50,0,0,0.05098962545394898
26,81.9,0.28,0.71,50,0,0,0.05098962545394898
27,81.9,0.28,0.71,50,0,0,0.05098962545394898
28,81.8,0.28,0.72,50,0,0,0.05098962545394898
29,81.7,0.28,0.72,50,0,0,0.05098962545394898
30,81.6,0.28,0.72,50,0,0,0.06183401584625244
31,81.5,0.28,0.72,50,0,0,0.06183401584625244
32,81.4,0.28,0.72,50,0,0,0.06183401584625244
33,81.3,0.28,0.72,50,0,0,0.06183401584625244
34,81.2,0.28,0.73,50,0,0,0.06183401584625244
35,81.1,0.28,0.73,50,0,0,0.05827722549438477
36,81,0.28,0.73,50,0,0,0.05827722549438477
37,80.9,0.28,0.73,50,0,0,0.05827722549438477
38,80.8,0.28,0.73,50,0,0,0.05827722549438477
39,80.6,0.28,0.73,50,0,0,0.05827722549438477
40,80.5,0.28,0.74,50,0,0,0.06653922200202941
41,80.4,0.28,0.74,50,0,0,0.06653922200202941
42,80.2,0.28,0.74,50,0,0,0.06653922200202941
43,80.1,0.28,0.74,50,0,0,0.06653922200202941
44,80,0.28,0.74,50,0,0,0.06653922200202941
45,79.9,0.28,0.74,50,0,0,0.39545454545454545
46,79.8,0.28,0.75,50,0,0,0.39545454545454545
47,79.7,0.28,0.74,50,0,0,0.39545454545454545
48,79.6,0.28,0.75,50,0,0,0.39545454545454545
49,79.6,0.28,0.75,50,0,0,0.39545454545454545
50,79.5,0.28,0.75,50,0,7,0.39999999999999997
51,79.5,0.38,0.41,50,0,7,0.39999999999999997
52,79.4,0.39,0.41,50,0,7,0.39999999999999997
53,79.4,0.4,0.41,50,0,7,0.39999999999999997
54,79.4,0.42,0.39,50,0,7,0.39999999999999997
55,79.3,0.43,0.39,50,0,7,0.45194805194805193
56,79.3,0.44,0.38,50,0,7,0.45194805194805193
57,79.3,0.44,0.38,50,0,7,0.45194805194805193
58,79.3,0.45,0.38,50,0,7,0.45194805194805193
59,79.3,0.46,0.37,50,0,7,0.45194805194805193
60,79.2,0.47,0.36,50,0,7,0.4623376623376623
61,79.2,0.48,0.36,50,0,7,0.4623376623376623
62,79.1,0.49,0.36,50,0,7,0.4623376623376623
63,79.1,0.49,0.36,50,0,7,0.4623376623376623
64,79.1,0.5,0.36,50,0,7,0.4623376623376623
65,79,0.51,0.36,50,0,7,0.4623376623376623
66,78.9,0.51,0.35,50,0,7,0.4623376623376623
67,78.9,0.52,0.35,50,0,7,0.4623376623376623
68,78.8,0.52,0.36,50,0,7,0.4623376623376623
69,78.8,0.53,0.35,50,0,7,0.4623376623376623
70,78.7,0.54,0.35,50,0,7,0.49350649350649345
71,78.6,0.54,0.35,50,0,7,0.49350649350649345
72,78.6,0.55,0.36,50,0,7,0.49350649350649345
73,78.5,0.55,0.36,50,0,7,0.49350649350649345
74,78.4,0.56,0.36,50,0,7,0.49350649350649345
75,78.4,0.56,0.36,50,0,7,0.42727272727272725
76,78.3,0.57,0.36,50,0,7,0.42727272727272725
77,78.2,0.58,0.36,50,0,7,0.42727272727272725
78,78.1,0.58,0.36,50,0,7,0.42727272727272725
79,78,0.58,0.36,50,0,7,0.42727272727272725
80,77.9,0.59,0.36,50,0,7,0.5575757575757576
81,77.8,0.59,0.35,50,0,7,0.5575757575757576
82,77.7,0.59,0.36,50,0,7,0.5575757575757576
83,77.5,0.59,0.36,50,0,7,0.5575757575757576
84,77.4,0.6,0.37,50,0,7,0.5575757575757576
85,77.3,0.6,0.36,50,0,7,0.5696969696969696
86,77.2,0.6,0.37,50,0,7,0.5696969696969696
87,77.1,0.6,0.37,50,0,7,0.5696969696969696
88,76.9,0.61,0.37,50,0,7,0.5696969696969696
89,76.8,0.61,0.37,50,0,7,0.5696969696969696
90,76.6,0.61,0.37,50,0,7,0.5575757575757576
91,76.5,0.61,0.38,50,0,7,0.5575757575757576
92,76.4,0.61,0.37,50,0,7,0.5575757575757576
93,76.2,0.62,0.38,50,0,7,0.5575757575757576
94,76.1,0.61,0.39,50,0,7,0.5575757575757576
95,75.9,0.62,0.39,50,0,7,0.5636363636363636
96,75.8,0.62,0.39,50,0,7,0.5636363636363636
97,75.7,0.62,0.39,50,0,7,0.5636363636363636
98,75.6,0.62,0.39,50,0,7,0.5636363636363636
99,75.5,0.62,0.39,50,0,7,0.5636363636363636
100,75.4,0.62,0.39,50,0,7,0.49350649350649345
101,75.2,0.63,0.39,50,0,7,0.49350649350649345
102,75.1,0.63,0.39,50,0,7,0.49350649350649345
103,75,0.63,0.39,50,0,7,0.49350649350649345
104,74.8,0.63,0.4,50,0,7,0.49350649350649345
105,74.7,0.63,0.4,50,0,7,0.49350649350649345
106,74.6,0.63,0.4,50,0,7,0.49350649350649345
107,74.5,0.63,0.4,50,0,7,0.49350649350649345
108,74.3,0.63,0.4,50,0,7,0.49350649350649345
109,74.2,0.64,0.4,50,0,7,0.49350649350649345
110,74.1,0.64,0.41,50,0,7,0.48311688311688317
111,74,0.64,0.41,50,0,7,0.48311688311688317
112,73.9,0.64,0.4,50,0,7,0.48311688311688317
113,73.8,0.65,0.4,50,0,7,0.48311688311688317
114,73.7,0.65,0.41,50,0,7,0.48311688311688317
115,73.6,0.65,0.4,50,0,7,0.49350649350649345
116,73.5,0.65,0.4,50,0,7,0.49350649350649345
117,73.5,0.65,0.4,50,0,7,0.49350649350649345
118,73.4,0.65,0.41,50,0,7,0.49350649350649345
119,73.3,0.65,0.42,50,0,7,0.49350649350649345
120,73.2,0.66,0.42,50,0,7,0.49350649350649345
121,73.2,0.66,0.42,50,0,7,0.49350649350649345
122,73.1,0.66,0.42,50,0,7,0.49350649350649345
123,73,0.66,0.42,50,0,7,0.49350649350649345
124,73,0.66,0.42,50,0,7,0.49350649350649345
125,72.9,0.66,0.43,50,0,7,0.4883116883116883
126,72.8,0.67,0.43,50,0,7,0.4883116883116883
127,72.8,0.66,0.43,50,0,7,0.4883116883116883
128,72.8,0.67,0.43,50,0,7,0.4883116883116883
129,72.7,0.67,0.43,50,0,7,0.4883116883116883
130,72.7,0.66,0.44,50,0,7,0.057799012660980226
131,72.6,0.67,0.44,50,0,7,0.057799012660980226
132,72.6,0.67,0.43,50,0,7,0.057799012660980226
133,72.5,0.67,0.43,50,0,7,0.057799012660980226
134,72.5,0.67,0.43,50,0,7,0.057799012660980226
135,72.4,0.67,0.44,50,0,7,0.06992525577545167
136,72.4,0.67,0.44,50,0,7,0.06992525577545167
137,72.3,0.67,0.44,50,0,7,0.06992525577545167
138,72.3,0.68,0.43,50,0,7,0.06992525577545167
139,72.2,0.68,0.44,50,0,7,0.06992525577545167
140,72.2,0.67,0.45,50,0,7,0.05375793516635895
141,72.1,0.68,0.44,50,0,7,0.05375793516635895
142,72,0.68,0.44,50,0,7,0.05375793516635895
143,71.9,0.68,0.44,50,0,7,0.05375793516635895
144,71.8,0.68,0.44,50,0,7,0.05375793516635895
145,71.6,0.68,0.44,50,0,7,0.06807276844978333
146,71.5,0.68,0.45,50,0,7,0.06807276844978333
147,71.4,0.68,0.45,50,0,7,0.06807276844978333
148,71.2,0.69,0.44,50,0,7,0.06807276844978333
149,71.1,0.69,0.44,50,0,7,0.06807276844978333
150,70.9,0.69,0.44,50,0,7,0.056230993270874025
151,70.8,0.69,0.44,50,0,7,0.056230993270874025
152,70.7,0.69,0.44,50,0,7,0.056230993270874025
153,70.5,0.69,0.45,50,0,7,0.056230993270874025
154,70.4,0.69,0.44,50,0,7,0.056230993270874025
155,70.3,0.69,0.44,50,0,7,0.05042259216308594
156,70.1,0.69,0.44,50,0,7,0.05042259216308594
157,70,0.69,0.44,50,0,7,0.05042259216308594
158,69.9,0.69,0.45,50,0,7,0.05042259216308594
159,69.7,0.69,0.46,50,0,7,0.05042259216308594
160,69.6,0.69,0.46,50,0,7,0.05386954307556153
161,69.5,0.69,0.47,50,0,7,0.05386954307556153
162,69.3,0.69,0.46,50,0,7,0.05386954307556153
163,69.2,0.69,0.48,50,0,7,0.05386954307556153
164,69.1,0.69,0.47,50,0,7,0.05386954307556153
165,69,0.69,0.48,50,0,7,0.06955300807952881
166,68.8,0.69,0.48,50,0,7,0.06955300807952881
167,68.7,0.69,0.49,50,0,7,0.06955300807952881
168,68.6,0.69,0.49,50,0,7,0.06955300807952881
169,68.5,0.69,0.49,50,0,7,0.06955300807952881
170,68.4,0.69,0.49,50,0,7,0.06905636250972748
171,68.3,0.69,0.49,50,0,7,0.06905636250972748
172,68.3,0.69,0.5,50,0,7,0.06905636250972748
173,68.2,0.69,0.51,50,0,7,0.06905636250972748
174,68.2,0.7,0.51,50,0,7,0.06905636250972748
175,68.1,0.7,0.51,50,0,7,0.06192680597305298
176,68,0.7,0.51,50,0,7,0.06192680597305298
177,68,0.7,0.51,50,0,7,0.06192680597305298
178,67.9,0.7,0.51,50,0,7,0.06192680597305298
179,67.8,0.7,0.5,50,0,7,0.06192680597305298
180,67.8,0.7,0.5,50,0,7,0.06827219724655152
181,67.7,0.7,0.51,50,0,7,0.06827219724655152
182,67.7,0.7,0.5,50,0,7,0.06827219724655152
183,67.6,0.7,0.5,50,0,7,0.06827219724655152
184,67.6,0.7,0.5,50,0,7,0.06827219724655152
185,67.5,0.7,0.5,50,0,7,0.06305551767349243
186,67.5,0.7,0.5,50,0,7,0.06305551767349243
187,67.5,0.7,0.5,50,0,7,0.06305551767349243
188,67.4,0.7,0.51,50,0,7,0.06305551767349243
189,67.4,0.7,0.5,50,0,7,0.06305551767349243
190,67.3,0.7,0.51,50,0,7,0.06856921255588531
191,67.3,0.7,0.51,50,0,7,0.06856921255588531
192,67.3,0.71,0.5,50,0,7,0.06856921255588531
193,67.2,0.7,0.51,50,0,7,0.06856921255588531
194,67.2,0.7,0.5,50,0,7,0.06856921255588531
195,67.1,0.71,0.5,50,0,7,0.06871252059936524
196,67.1,0.7,0.51,50,0,7,0.06871252059936524
197,67.1,0.7,0.51,50,0,7,0.06871252059936524
198,67.1,0.71,0.5,50,0,7,0.06871252059936524
199,67.1,0.71,0.51,50,0,7,0.06871252059936524
200,67,0.71,0.51,50,0,7,0.052982054352760315
201,67,0.71,0.51,50,0,7,0.052982054352760315
202,66.9,0.71,0.51,50,0,7,0.052982054352760315
203,66.9,0.71,0.52,50,0,7,0.052982054352760315
204,66.8,0.71,0.51,50,0,7,0.052982054352760315
205,66.7,0.71,0.51,50,0,7,0.06173278331756592
206,66.7,0.71,0.51,50,0,7,0.06173278331756592
207,66.7,0.71,0.51,50,0,7,0.06173278331756592
208,66.6,0.71,0.51,50,0,7,0.06173278331756592
209,66.5,0.71,0.52,50,0,7,0.06173278331756592
210,66.5,0.71,0.52,50,0,7,0.06260680675506591
211,66.4,0.71,0.52,50,0,7,0.06260680675506591
212,66.3,0.71,0.52,50,0,7,0.06260680675506591
213,66.2,0.71,0.52,50,0,7,0.06260680675506591
214,66.1,0.71,0.53,50,0,7,0.06260680675506591
215,66,0.71,0.52,50,0,7,0.05034939289093018
216,65.9,0.71,0.52,50,0,7,0.05034939289093018
217,65.9,0.71,0.53,50,0,7,0.05034939289093018
218,65.8,0.71,0.52,50,0,7,0.05034939289093018
219,65.7,0.71,0.53,50,0,7,0.05034939289093018
220,65.6,0.71,0.53,50,0,7,0.5212121212121212
221,65.5,0.71,0.53,50,0,7,0.5212121212121212
222,65.4,0.71,0.53,50,0,7,0.5212121212121212
223,65.3,0.71,0.53,50,0,7,0.5212121212121212
224,65.2,0.71,0.53,50,0,7,0.5212121212121212
225,65.1,0.71,0.53,50,0,7,0.06999619960784913
226,65,0.71,0.53,50,0,7,0.06999619960784913
227,64.9,0.71,0.53,50,0,7,0.06999619960784913
228,64.9,0.71,0.53,50,0,7,0.06999619960784913
229,64.8,0.71,0.52,50,0,7,0.06999619960784913
230,64.8,0.71,0.53,50,0,7,0.05464898109436035
231,64.7,0.71,0.52,50,0,7,0.05464898109436035
232,64.6,0.71,0.53,50,0,7,0.05464898109436035
233,64.5,0.71,0.53,50,0,7,0.05464898109436035
234,64.4,0.71,0.53,50,0,7,0.05464898109436035
235,64.3,0.71,0.53,50,0,7,0.05462688446044922
236,64.2,0.71,0.53,50,0,7,0.05462688446044922
237,64.1,0.71,0.53,50,0,7,0.05462688446044922
238,64.1,0.71,0.53,50,0,7,0.05462688446044922
239,64,0.71,0.53,50,0,7,0.05462688446044922
240,63.9,0.71,0.53,50,0,7,0.06275054216384889
241,63.8,0.71,0.53,50,0,7,0.06275054216384889
242,63.8,0.71,0.53,50,0,7,0.06275054216384889
243,63.7,0.71,0.53,50,0,7,0.06275054216384889
244,63.7,0.71,0.53,50,0,7,0.06275054216384889
245,63.6,0.71,0.53,50,0,7,0.06113772451877594
246,63.5,0.71,0.53,50,0,7,0.06113772451877594
247,63.4,0.71,0.52,50,0,7,0.06113772451877594
248,63.3,0.71,0.53,50,0,7,0.06113772451877594
249,63.3,0.71,0.53,50,0,7,0.06113772451877594
250,63.2,0.71,0.52,50,0,7,0.05337520599365235
251,63.2,0.71,0.52,50,0,7,0.05337520599365235
252,63.1,0.71,0.53,50,0,7,0.05337520599365235
253,63.1,0.71,0.53,50,0,7,0.05337520599365235
254,63,0.71,0.52,50,0,7,0.05337520599365235
255,62.9,0.71,0.53,50,0,7,0.0658709454536438
256,62.8,0.71,0.53,50,0,7,0.0658709454536438
257,62.8,0.71,0.53,50,0,7,0.0658709454536438
258,62.7,0.71,0.53,50,0,7,0.0658709454536438
259,62.6,0.71,0.52,50,0,7,0.0658709454536438
260,62.5,0.71,0.52,50,0,7,0.06824077658355236
261,62.5,0.71,0.54,50,0,7,0.06824077658355236
262,62.4,0.71,0.55,50,0,7,0.06824077658355236
263,62.3,0.71,0.55,50,0,7,0.06824077658355236
264,62.3,0.71,0.55,50,0,7,0.06824077658355236
265,62.2,0.71,0.55,50,0,7,0.059311133027076725
266,62.1,0.71,0.56,50,0,7,0.059311133027076725
267,62,0.72,0.56,50,0,7,0.059311133027076725
268,62,0.71,0.57,50,0,7,0.059311133027076725
269,61.9,0.72,0.56,50,0,7,0.059311133027076725
270,61.8,0.72,0.55,50,0,7,0.05705132484436035
271,61.7,0.72,0.57,50,0,7,0.05705132484436035
272,61.6,0.72,0.56,50,0,7,0.05705132484436035
273,61.4,0.72,0.56,50,0,7,0.05705132484436035
274,61.3,0.72,0.56,50,0,7,0.05705132484436035
275,61.2,0.72,0.56,50,0,7,0.057538685798645024
276,61.1,0.72,0.55,50,0,7,0.057538685798645024
277,61,0.72,0.55,50,0,7,0.057538685798645024
278,60.8,0.72,0.56,50,0,7,0.057538685798645024
279,60.7,0.72,0.56,50,0,7,0.057538685798645024
280,60.6,0.72,0.56,50,0,7,0.05960589647293091
281,60.5,0.72,0.56,50,0,7,0.05960589647293091
282,60.4,0.72,0.55,50,0,7,0.05960589647293091
283,60.3,0.73,0.55,50,0,7,0.05960589647293091
284,60.3,0.72,0.56,50,0,7,0.05960589647293091
285,60.2,0.73,0.56,50,0,7,0.05972370743751526
286,60.1,0.73,0.56,50,0,7,0.05972370743751526
287,60,0.73,0.57,50,0,7,0.05972370743751526
288,59.9,0.73,0.57,50,0,7,0.05972370743751526
289,59.8,0.73,0.57,50,0,7,0.05972370743751526
290,59.7,0.73,0.58,50,0,7,0.05727249681949616
291,59.6,0.73,0.58,50,0,7,0.05727249681949616
292,59.5,0.73,0.59,50,0,7,0.05727249681949616
293,59.3,0.73,0.58,50,0,7,0.05727249681949616
294,59.2,0.73,0.59,50,0,7,0.05727249681949616
295,59,0.73,0.59,50,0,7,0.06478880643844605
296,58.9,0.73,0.59,50,0,7,0.06478880643844605
297,58.8,0.74,0.59,50,0,7,0.06478880643844605
298,58.6,0.74,0.58,50,0,7,0.06478880643844605
299,58.5,0.74,0.59,50,0,7,0.06478880643844605
300,58.3,0.74,0.59,50,0,7,0.054843531250953675
301,58.2,0.74,0.59,50,0,7,0.054843531250953675
302,58,0.74,0.59,50,0,7,0.054843531250953675
303,57.9,0.74,0.58,50,0,7,0.054843531250953675
304,57.8,0.74,0.59,50,0,7,0.054843531250953675
305,57.7,0.74,0.58,50,0,7,0.05814867496490479
306,57.5,0.74,0.59,50,0,7,0.05814867496490479
307,57.4,0.74,0.58,50,0,7,0.05814867496490479
308,57.3,0.74,0.59,50,0,7,0.05814867496490479
309,57.1,0.74,0.59,50,0,7,0.05814867496490479
310,57,0.74,0.59,50,0,7,0.0640601921081543
311,56.9,0.75,0.58,50,0,7,0.0640601921081543
312,56.7,0.75,0.58,50,0,7,0.0640601921081543
313,56.6,0.75,0.58,50,0,7,0.0640601921081543
314,56.4,0.75,0.61,50,0,7,0.0640601921081543
315,56.3,0.75,0.61,50,0,7,0.4848484848484848
316,56.2,0.75,0.62,50,0,7,0.4848484848484848
317,56,0.75,0.62,50,0,7,0.4848484848484848
318,55.9,0.76,0.62,50,0,7,0.4848484848484848
319,55.8,0.75,0.64,50,0,7,0.4848484848484848
320,55.6,0.75,0.64,50,0,7,0.4848484848484848
321,55.5,0.76,0.64,50,0,7,0.4848484848484848
322,55.3,0.76,0.65,50,0,7,0.4848484848484848
323,55.2,0.76,0.65,50,0,7,0.4848484848484848
324,55.1,0.76,0.65,50,0,7,0.4848484848484848
325,55,0.76,0.65,50,0,7,0.4909090909090909
326,54.9,0.76,0.65,50,0,7,0.4909090909090909
327,54.8,0.76,0.66,50,0,7,0.4909090909090909
328,54.7,0.76,0.66,50,0,7,0.4909090909090909
329,54.6,0.76,0.66,50,0,7,0.4909090909090909
330,54.5,0.76,0.67,50,0,7,0.4909090909090909
331,54.5,0.77,0.66,50,0,7,0.4909090909090909
332,54.4,0.77,0.66,50,0,7,0.4909090909090909
333,54.4,0.77,0.67,50,0,7,0.4909090909090909
334,54.3,0.77,0.66,50,0,7,0.4909090909090909
335,54.2,0.77,0.66,50,0,7,0.44155844155844154
336,54.2,0.77,0.67,50,0,7,0.44155844155844154
337,54.1,0.77,0.67,50,0,7,0.44155844155844154
338,54,0.77,0.67,50,0,7,0.44155844155844154
339,53.9,0.77,0.67,50,0,7,0.44155844155844154
340,53.9,0.77,0.66,50,0,7,0.4909090909090909
341,53.8,0.77,0.66,50,0,7,0.4909090909090909
342,53.7,0.77,0.66,50,0,7,0.4909090909090909
343,53.6,0.77,0.67,50,0,7,0.4909090909090909
344,53.4,0.77,0.67,50,0,7,0.4909090909090909
345,53.3,0.77,0.66,50,0,7,0.4259740259740259
346,53.2,0.77,0.67,50,0,7,0.4259740259740259
347,53.1,0.77,0.67,50,0,7,0.4259740259740259
348,53.1,0.77,0.67,50,0,7,0.4259740259740259
349,53,0.78,0.67,50,0,7,0.4259740259740259
350,52.9,0.77,0.68,50,0,7,0.056032570600509646
351,52.8,0.77,0.68,50,0,7,0.056032570600509646
352,52.7,0.77,0.68,50,0,7,0.056032570600509646
353,52.6,0.78,0.68,50,0,7,0.056032570600509646
354,52.4,0.78,0.68,50,0,7,0.056032570600509646
355,52.3,0.78,0.67,50,0,7,0.39999999999999997
356,52.2,0.78,0.68,50,0,7,0.39999999999999997
357,52.1,0.78,0.68,50,0,7,0.39999999999999997
358,52,0.78,0.68,50,0,7,0.39999999999999997
359,51.9,0.78,0.68,50,0,7,0.39999999999999997
360,51.8,0.78,0.68,50,0,7,0.43116883116883115
361,51.8,0.78,0.68,50,0,7,0.43116883116883115
362,51.7,0.78,0.68,50,0,7,0.43116883116883115
363,51.7,0.78,0.68,50,0,7,0.43116883116883115
364,51.7,0.78,0.68,50,0,7,0.43116883116883115
365,51.7,0.78,0.68,50,0,7,0.3909090909090909
366,51.7,0.78,0.68,50,0,7,0.3909090909090909
367,51.6,0.78,0.68,50,0,7,0.3909090909090909
368,51.6,0.78,0.68,50,0,7,0.3909090909090909
369,51.6,0.79,0.67,50,0,7,0.3909090909090909
370,51.6,0.78,0.67,50,0,7,0.4259740259740259
371,51.6,0.78,0.68,50,0,7,0.4259740259740259
372,51.6,0.78,0.68,50,0,7,0.4259740259740259
373,51.6,0.79,0.67,50,0,7,0.4259740259740259
374,51.5,0.78,0.68,50,0,7,0.4259740259740259
375,51.5,0.78,0.68,50,0,7,0.4259740259740259
376,51.5,0.78,0.68,50,0,7,0.4259740259740259
377,51.4,0.78,0.68,50,0,7,0.4259740259740259
378,51.3,0.79,0.68,50,0,7,0.4259740259740259
379,51.2,0.78,0.69,50,0,7,0.4259740259740259
380,51.1,0.79,0.68,50,0,7,0.45194805194805193
381,51,0.79,0.68,50,0,7,0.45194805194805193
382,50.9,0.79,0.68,50,0,7,0.45194805194805193
383,50.7,0.79,0.68,50,0,7,0.45194805194805193
384,50.6,0.79,0.68,50,0,7,0.45194805194805193
385,50.5,0.79,0.68,50,0,7,0.45194805194805193
386,50.4,0.79,0.68,50,0,7,0.45194805194805193
387,50.3,0.79,0.68,50,0,7,0.45194805194805193
388,50.2,0.79,0.69,50,0,7,0.45194805194805193
389,50.1,0.79,0.69,50,0,7,0.45194805194805193
390,49.9,0.79,0.69,50,0,7,0.053314659595489505
391,49.8,0.79,0.69,50,0,7,0.053314659595489505
392,49.7,0.79,0.69,50,0,7,0.053314659595489505
393,49.6,0.79,0.69,50,0,7,0.053314659595489505
394,49.5,0.79,0.69,50,0,7,0.053314659595489505
395,49.4,0.79,0.69,50,0,7,0.05741608202457428
396,49.2,0.79,0.69,50,0,7,0.05741608202457428
397,49.1,0.79,0.69,50,0,7,0.05741608202457428
398,48.9,0.79,0.69,50,0,7,0.05741608202457428
399,48.8,0.79,0.69,50,0,7,0.05741608202457428
400,48.7,0.79,0.7,50,0,7,0.06586483478546143
401,48.5,0.79,0.69,50,0,7,0.06586483478546143
402,48.4,0.79,0.7,50,0,7,0.06586483478546143
403,48.2,0.8,0.69,50,0,7,0.06586483478546143
404,48.1,0.8,0.69,50,0,7,0.06586483478546143
405,47.9,0.8,0.69,50,0,7,0.33939393939393936
406,47.8,0.8,0.69,50,0,7,0.33939393939393936
407,47.7,0.8,0.69,50,0,7,0.33939393939393936
408,47.5,0.8,0.7,50,0,7,0.33939393939393936
409,47.4,0.8,0.7,50,0,7,0.33939393939393936
410,47.2,0.8,0.7,50,0,7,0.056668498516082765
411,47.1,0.8,0.71,50,0,7,0.056668498516082765
412,47,0.8,0.71,50,0,7,0.056668498516082765
413,46.9,0.8,0.71,50,0,7,0.056668498516082765
414,46.8,0.8,0.71,50,0,7,0.056668498516082765
415,46.7,0.8,0.71,50,0,7,0.05069883108139038
416,46.5,0.8,0.71,50,0,7,0.05069883108139038
417,46.4,0.8,0.72,50,0,7,0.05069883108139038
418,46.3,0.8,0.72,50,0,7,0.05069883108139038
419,46.2,0.8,0.72,50,0,7,0.05069883108139038
420,46.1,0.8,0.72,50,0,7,0.06494903087615966
421,46,0.81,0.71,50,0,7,0.06494903087615966
422,45.9,0.81,0.72,50,0,7,0.06494903087615966
423,45.7,0.81,0.72,50,0,7,0.06494903087615966
424,45.6,0.81,0.72,50,0,7,0.06494903087615966
425,45.5,0.81,0.72,50,0,7,0.06139322996139526
426,45.4,0.81,0.72,50,0,7,0.06139322996139526
427,45.3,0.81,0.72,50,0,7,0.06139322996139526
428,45.2,0.81,0.72,50,0,7,0.06139322996139526
429,46,0.81,0.73,49,1,7,0.06139322996139526
430,45.9,0.81,0.72,49,1,7,0.052494156360626223
431,45.9,0.81,0.72,49,1,7,0.052494156360626223
432,45.8,0.81,0.73,49,1,7,0.052494156360626223
433,45.7,0.81,0.73,49,1,7,0.052494156360626223
434,45.6,0.81,0.73,49,1,7,0.052494156360626223
435,45.6,0.81,0.73,49,1,7,0.05894704341888428
436,45.5,0.81,0.73,49,1,7,0.05894704341888428
437,45.4,0.82,0.73,49,1,7,0.05894704341888428
438,45.3,0.81,0.74,49,1,7,0.05894704341888428
439,45.3,0.82,0.73,49,1,7,0.05894704341888428
440,45.2,0.82,0.73,49,1,7,0.052915656566619874
441,45.1,0.81,0.74,49,1,7,0.052915656566619874
442,45,0.81,0.74,49,1,7,0.052915656566619874
443,45,0.81,0.74,49,1,7,0.052915656566619874
444,44.9,0.82,0.74,49,1,7,0.052915656566619874
445,44.8,0.82,0.74,49,1,7,0.05793399095535279
446,44.8,0.82,0.74,49,1,7,0.05793399095535279
447,44.7,0.82,0.74,49,1,7,0.05793399095535279
448,44.6,0.82,0.74,49,1,7,0.05793399095535279
449,44.5,0.82,0.75,49,1,7,0.05793399095535279
450,44.5,0.82,0.74,49,1,7,0.06647783756256104
451,44.4,0.82,0.75,49,1,7,0.06647783756256104
452,44.3,0.82,0.75,49,1,7,0.06647783756256104
453,44.2,0.82,0.75,49,1,7,0.06647783756256104
454,44.1,0.82,0.75,49,1,7,0.06647783756256104
455,44,0.82,0.75,49,1,7,0.0611623215675354
456,43.9,0.82,0.76,49,1,7,0.0611623215675354
457,43.8,0.82,0.76,49,1,7,0.0611623215675354
458,43.7,0.82,0.76,49,1,7,0.0611623215675354
459,43.6,0.82,0.77,49,1,7,0.0611623215675354
460,43.5,0.82,0.77,49,1,7,0.06386399082839489
461,43.3,0.82,0.77,49,1,7,0.06386399082839489
462,43.2,0.83,0.76,49,1,7,0.06386399082839489
463,43.1,0.83,0.76,49,1,7,0.06386399082839489
464,42.9,0.83,0.76,49,1,7,0.06386399082839489
465,42.8,0.83,0.77,49,1,7,0.05571168058551848
466,42.7,0.83,0.77,49,1,7,0.05571168058551848
467,42.6,0.83,0.77,49,1,7,0.05571168058551848
468,42.5,0.83,0.76,49,1,7,0.05571168058551848
469,42.4,0.82,0.77,49,1,7,0.05571168058551848
470,42.3,0.83,0.77,49,1,7,0.05288834810256958
471,42.1,0.83,0.77,49,1,7,0.05288834810256958
472,42,0.83,0.77,49,1,7,0.05288834810256958
473,41.9,0.83,0.77,49,1,7,0.05288834810256958
474,41.8,0.83,0.77,49,1,7,0.05288834810256958
475,41.7,0.83,0.77,49,1,7,0.06778720915317536
476,41.6,0.83,0.77,49,1,7,0.06778720915317536
477,41.4,0.83,0.76,49,1,7,0.06778720915317536
478,41.3,0.83,0.77,49,1,7,0.06778720915317536
479,41.2,0.83,0.77,49,1,7,0.06778720915317536
480,41,0.83,0.78,49,1,7,0.05982283890247345
481,40.9,0.83,0.78,49,1,7,0.05982283890247345
482,40.7,0.83,0.78,49,1,7,0.05982283890247345
483,40.6,0.83,0.78,49,1,7,0.05982283890247345
484,40.4,0.83,0.79,49,1,7,0.05982283890247345
485,40.3,0.83,0.78,49,1,7,0.05767324805259705
486,40.2,0.83,0.78,49,1,7,0.05767324805259705
487,40,0.83,0.78,49,1,7,0.05767324805259705
488,39.9,0.83,0.79,49,1,7,0.05767324805259705
489,39.7,0.83,0.8,49,1,7,0.05767324805259705
490,39.6,0.83,0.8,49,1,7,0.06335790395736694
491,39.5,0.84,0.79,49,1,7,0.06335790395736694
492,39.3,0.83,0.8,49,1,7,0.06335790395736694
493,39.2,0.83,0.8,49,1,7,0.06335790395736694
494,39,0.83,0.8,49,1,7,0.06335790395736694
495,38.9,0.83,0.81,49,1,7,0.0586022424697876
496,38.8,0.84,0.8,49,1,7,0.0586022424697876
497,38.6,0.84,0.8,49,1,7,0.0586022424697876
498,38.5,0.83,0.8,49,1,7,0.0586022424697876
499,38.3,0.84,0.8,49,1,7,0.0586022424697876
500,38.2,0.84,0.8,49,1,7,0.058664298653602606
501,38,0.84,0.8,49,1,7,0.058664298653602606
502,37.9,0.84,0.8,49,1,7,0.058664298653602606
503,37.8,0.84,0.8,49,1,7,0.058664298653602606
504,37.6,0.84,0.8,49,1,7,0.058664298653602606
505,37.5,0.84,0.8,49,1,7,0.06418822526931763
506,37.3,0.84,0.81,49,1,7,0.06418822526931763
507,37.2,0.84,0.81,49,1,7,0.06418822526931763
508,37,0.84,0.81,49,1,7,0.06418822526931763
509,36.9,0.84,0.81,49,1,7,0.06418822526931763
510,36.8,0.84,0.81,49,1,7,0.06887822210788727
511,36.6,0.85,0.8,49,1,7,0.06887822210788727
512,36.5,0.85,0.81,49,1,7,0.06887822210788727
513,36.3,0.85,0.81,49,1,7,0.06887822210788727
514,36.2,0.85,0.81,49,1,7,0.06887822210788727
515,36.8,0.85,0.8,48,2,7,0.06446109533309936
516,36.6,0.85,0.81,48,2,7,0.06446109533309936
517,36.5,0.84,0.81,48,2,7,0.06446109533309936
518,36.4,0.85,0.81,48,2,7,0.06446109533309936
519,36.3,0.84,0.81,48,2,7,0.06446109533309936
520,36.1,0.84,0.81,48,2,7,0.06432335853576661
521,36,0.85,0.81,48,2,7,0.06432335853576661
522,35.9,0.84,0.82,48,2,7,0.06432335853576661
523,36.6,0.85,0.81,47,3,7,0.06432335853576661
524,36.5,0.85,0.82,47,3,7,0.06432335853576661
525,36.4,0.85,0.81,47,3,7,0.05843199491500855
526,36.3,0.85,0.81,47,3,7,0.05843199491500855
527,37,0.85,0.81,46,4,7,0.05843199491500855
528,37,0.85,0.81,46,4,7,0.05843199491500855
529,37.7,0.84,0.82,45,5,7,0.05843199491500855
530,37.7,0.85,0.81,45,5,7,0.06711318969726562
531,37.6,0.85,0.81,45,5,7,0.06711318969726562
532,37.5,0.85,0.82,45,5,7,0.06711318969726562
533,37.5,0.85,0.81,45,5,7,0.06711318969726562
534,37.4,0.85,0.81,45,5,7,0.06711318969726562
535,37.3,0.85,0.81,45,5,7,0.06426081232726574
536,37.3,0.85,0.82,45,5,7,0.06426081232726574
537,37.2,0.85,0.81,45,5,7,0.06426081232726574
538,37.2,0.85,0.82,45,5,7,0.06426081232726574
539,37.2,0.85,0.82,45,5,7,0.06426081232726574
540,37.1,0.85,0.82,45,5,7,0.05780995182693005
541,37,0.85,0.81,45,5,7,0.05780995182693005
542,37,0.85,0.81,45,5,7,0.05780995182693005
543,36.9,0.85,0.82,45,5,7,0.05780995182693005
544,36.8,0.85,0.82,45,5,7,0.05780995182693005
545,36.8,0.85,0.83,45,5,7,0.06711077623069286
546,36.7,0.85,0.81,45,5,7,0.06711077623069286
547,36.7,0.85,0.81,45,5,7,0.06711077623069286
548,36.6,0.85,0.81,45,5,7,0.06711077623069286
549,36.5,0.85,0.82,45,5,7,0.06711077623069286
550,36.5,0.85,0.81,45,5,7,0.055778570175170905
551,36.4,0.85,0.81,45,5,7,0.055778570175170905
552,36.3,0.85,0.83,45,5,7,0.055778570175170905
553,36.2,0.85,0.82,45,5,7,0.055778570175170905
554,36.9,0.85,0.81,44,6,7,0.055778570175170905
555,36.8,0.85,0.82,44,6,7,0.050198849439620975
556,36.7,0.85,0.82,44,6,7,0.050198849439620975
557,36.6,0.85,0.81,44,6,7,0.050198849439620975
558,36.5,0.85,0.81,44,6,7,0.050198849439620975
559,36.4,0.85,0.81,44,6,7,0.050198849439620975
560,36.3,0.85,0.82,44,6,7,0.05614124417304993
561,36.2,0.85,0.82,44,6,7,0.05614124417304993
562,36.1,0.85,0.82,44,6,7,0.05614124417304993
563,36.8,0.85,0.81,43,7,7,0.05614124417304993
564,36.7,0.86,0.81,43,7,7,0.05614124417304993
565,36.6,0.85,0.82,43,7,7,0.05338967323303223
566,36.5,0.86,0.82,43,7,7,0.05338967323303223
567,36.4,0.86,0.82,43,7,7,0.05338967323303223
568,36.3,0.86,0.82,43,7,7,0.05338967323303223
569,36.2,0.86,0.82,43,7,7,0.05338967323303223
570,36.1,0.86,0.81,43,7,7,0.053769975304603576
571,36,0.86,0.81,43,7,7,0.053769975304603576
572,35.9,0.86,0.82,43,7,7,0.053769975304603576
573,36.6,0.86,0.82,42,8,7,0.053769975304603576
574,37.4,0.86,0.81,41,9,7,0.053769975304603576
575,37.3,0.86,0.82,41,9,7,0.050892724990844726
576,37.2,0.86,0.82,41,9,7,0.050892724990844726
577,37,0.86,0.82,41,9,7,0.050892724990844726
578,37.9,0.86,0.82,40,10,7,0.050892724990844726
579,37.8,0.86,0.82,40,10,7,0.050892724990844726
580,37.6,0.86,0.82,40,10,7,0.0633079367876053
581,38.5,0.86,0.81,39,11,7,0.0633079367876053
582,38.5,0.86,0.82,39,11,7,0.0633079367876053
583,38.4,0.86,0.82,39,11,7,0.0633079367876053
584,38.3,0.86,0.82,39,11,7,0.0633079367876053
585,38.3,0.86,0.81,39,11,7,0.05403652906417847
586,38.2,0.86,0.82,39,11,7,0.05403652906417847
587,38.2,0.86,0.81,39,11,7,0.05403652906417847
588,38.2,0.86,0.82,39,11,7,0.05403652906417847
589,38.1,0.86,0.81,39,11,7,0.05403652906417847
590,39.1,0.86,0.82,38,12,7,0.40930232558139534
591,39.1,0.86,0.82,38,12,7,0.40930232558139534
592,39.1,0.86,0.81,38,12,7,0.40930232558139534
593,39.1,0.86,0.81,38,12,7,0.40930232558139534
594,39.1,0.86,0.81,38,12,7,0.40930232558139534
595,39.1,0.86,0.81,38,12,7,0.40930232558139534
596,39.1,0.86,0.82,38,12,7,0.40930232558139534
597,39.1,0.86,0.82,38,12,7,0.40930232558139534
598,39.2,0.86,0.82,38,12,7,0.40930232558139534
599,39.2,0.86,0.81,38,12,7,0.40930232558139534
600,39.2,0.86,0.82,38,12,7,0.3565891472868217
601,39.2,0.86,0.81,38,12,7,0.3565891472868217
602,40.2,0.86,0.81,37,13,7,0.3565891472868217
603,40.2,0.86,0.81,37,13,7,0.3565891472868217
604,40.2,0.86,0.81,37,13,7,0.3565891472868217
605,40.2,0.86,0.81,37,13,7,0.3253968253968254
606,40.2,0.86,0.81,37,13,7,0.3253968253968254
607,41.2,0.86,0.81,36,14,7,0.3253968253968254
608,41.2,0.86,0.8,36,14,7,0.3253968253968254
609,42.3,0.86,0.81,35,15,7,0.3253968253968254
610,42.2,0.86,0.8,35,15,7,0.06159917831420899
611,42.1,0.86,0.81,35,15,7,0.06159917831420899
612,43.3,0.86,0.81,34,16,7,0.06159917831420899
613,43.2,0.86,0.81,34,16,7,0.06159917831420899
614,43.1,0.86,0.82,34,16,7,0.06159917831420899
615,43,0.86,0.83,34,16,7,0.05733994007110596
616,42.9,0.86,0.84,34,16,7,0.05733994007110596
617,42.8,0.86,0.83,34,16,7,0.05733994007110596
618,42.7,0.86,0.83,34,16,7,0.05733994007110596
619,42.6,0.86,0.83,34,16,7,0.05733994007110596
620,42.5,0.86,0.84,34,16,7,0.06454402685165406
621,42.4,0.86,0.83,34,16,7,0.06454402685165406
622,42.3,0.86,0.84,34,16,7,0.06454402685165406
623,42.2,0.86,0.83,34,16,7,0.06454402685165406
624,42,0.86,0.83,34,16,7,0.06454402685165406
625,41.9,0.86,0.84,34,16,7,0.055948112010955814
626,41.7,0.86,0.83,34,16,7,0.055948112010955814
627,41.6,0.86,0.84,34,16,7,0.055948112010955814
628,41.5,0.86,0.84,34,16,7,0.055948112010955814
629,41.3,0.86,0.84,34,16,7,0.055948112010955814
630,41.2,0.86,0.84,34,16,7,0.06689594984054566
631,41.1,0.86,0.84,34,16,7,0.06689594984054566
632,40.9,0.86,0.84,34,16,7,0.06689594984054566
633,40.8,0.86,0.84,34,16,7,0.06689594984054566
634,40.6,0.86,0.84,34,16,7,0.06689594984054566
635,40.5,0.86,0.85,34,16,7,0.06869348526000976
636,40.4,0.86,0.85,34,16,7,0.06869348526000976
637,40.2,0.86,0.84,34,16,7,0.06869348526000976
638,40.1,0.86,0.84,34,16,7,0.06869348526000976
639,40,0.86,0.85,34,16,7,0.06869348526000976
640,39.8,0.86,0.85,34,16,7,0.057559001445770266
641,40.9,0.86,0.84,33,17,7,0.057559001445770266
642,40.7,0.86,0.84,33,17,7,0.057559001445770266
643,41.9,0.87,0.87,32,18,7,0.057559001445770266
644,41.7,0.86,0.88,32,18,7,0.057559001445770266
645,41.6,0.87,0.86,32,18,7,0.061733491420745856
646,41.5,0.87,0.87,32,18,7,0.061733491420745856
647,41.3,0.87,0.87,32,18,7,0.061733491420745856
648,41.2,0.87,0.87,32,18,7,0.061733491420745856
649,41,0.87,0.87,32,18,7,0.061733491420745856
650,40.9,0.87,0.86,32,18,7,0.06053651094436646
651,40.8,0.87,0.87,32,18,7,0.06053651094436646
652,41.9,0.87,0.87,31,19,7,0.06053651094436646
653,41.8,0.87,0.86,31,19,7,0.06053651094436646
654,41.6,0.87,0.86,31,19,7,0.06053651094436646
655,41.5,0.87,0.85,31,19,7,0.06267345190048218
656,41.4,0.87,0.86,31,19,7,0.06267345190048218
657,41.2,0.87,0.86,31,19,7,0.06267345190048218
658,41.1,0.87,0.86,31,19,7,0.06267345190048218
659,41,0.87,0.86,31,19,7,0.06267345190048218
660,40.8,0.87,0.85,31,19,7,0.050510237216949465
661,40.7,0.87,0.85,31,19,7,0.050510237216949465
662,40.6,0.87,0.85,31,19,7,0.050510237216949465
663,41.9,0.86,0.86,30,20,7,0.050510237216949465
664,41.8,0.87,0.84,30,20,7,0.050510237216949465
665,41.8,0.87,0.85,30,20,7,0.052135739326477054
666,41.7,0.86,0.85,30,20,7,0.052135739326477054
667,41.6,0.87,0.85,30,20,7,0.052135739326477054
668,41.6,0.87,0.84,30,20,7,0.052135739326477054
669,41.5,0.86,0.85,30,20,7,0.052135739326477054
670,41.5,0.87,0.84,30,20,7,0.06838468074798584
671,41.4,0.87,0.84,30,20,7,0.06838468074798584
672,41.3,0.87,0.84,30,20,7,0.06838468074798584
673,41.3,0.86,0.85,30,20,7,0.06838468074798584
674,41.2,0.87,0.83,30,20,7,0.06838468074798584
675,41.2,0.86,0.84,30,20,7,0.06776140451431274
676,41.2,0.87,0.84,30,20,7,0.06776140451431274
677,42.6,0.86,0.84,29,21,7,0.06776140451431274
678,42.5,0.86,0.84,29,21,7,0.06776140451431274
679,42.5,0.86,0.85,29,21,7,0.06776140451431274
680,42.5,0.86,0.84,29,21,7,0.05384709477424622
681,42.5,0.86,0.85,29,21,7,0.05384709477424622
682,42.5,0.86,0.84,29,21,7,0.05384709477424622
683,42.5,0.86,0.84,29,21,7,0.05384709477424622
684,42.6,0.86,0.83,29,21,7,0.05384709477424622
685,42.7,0.86,0.84,29,21,7,0.0627659511566162
686,42.7,0.86,0.84,29,21,7,0.0627659511566162
687,42.8,0.86,0.84,29,21,7,0.0627659511566162
688,42.8,0.86,0.84,29,21,7,0.0627659511566162
689,42.8,0.86,0.85,29,21,7,0.0627659511566162
690,42.8,0.86,0.84,29,21,7,0.06732704639434815
691,42.7,0.86,0.83,29,21,7,0.06732704639434815
692,42.6,0.86,0.83,29,21,7,0.06732704639434815
693,42.6,0.86,0.83,29,21,7,0.06732704639434815
694,42.5,0.86,0.84,29,21,7,0.06732704639434815
695,42.4,0.86,0.83,29,21,7,0.06185699939727783
696,42.4,0.86,0.83,29,21,7,0.06185699939727783
697,42.3,0.86,0.84,29,21,7,0.06185699939727783
698,42.2,0.86,0.84,29,21,7,0.06185699939727783
699,42.2,0.86,0.84,29,21,7,0.06185699939727783
700,42.1,0.86,0.84,29,21,7,0.05286819934844971
701,42.1,0.86,0.84,29,21,7,0.05286819934844971
702,42,0.86,0.83,29,21,7,0.05286819934844971
703,41.9,0.86,0.83,29,21,7,0.05286819934844971
704,41.9,0.86,0.84,29,21,7,0.05286819934844971
705,41.8,0.85,0.84,29,21,7,0.05239057421684266
706,41.8,0.86,0.84,29,21,7,0.05239057421684266
707,41.7,0.86,0.83,29,21,7,0.05239057421684266
708,41.7,0.86,0.83,29,21,7,0.05239057421684266
709,41.7,0.86,0.83,29,21,7,0.05239057421684266
710,41.7,0.86,0.84,29,21,7,0.061703786849975586
711,41.6,0.86,0.83,29,21,7,0.061703786849975586
712,41.6,0.85,0.84,29,21,7,0.061703786849975586
713,41.5,0.86,0.82,29,21,7,0.061703786849975586
714,41.5,0.85,0.84,29,21,7,0.061703786849975586
715,41.4,0.85,0.83,29,21,7,0.052480306625366215
716,41.3,0.86,0.83,29,21,7,0.052480306625366215
717,42.8,0.86,0.84,28,22,7,0.052480306625366215
718,42.7,0.86,0.83,28,22,7,0.052480306625366215
719,42.7,0.86,0.83,28,22,7,0.052480306625366215
720,42.6,0.86,0.83,28,22,7,0.05703442573547363
721,42.6,0.86,0.83,28,22,7,0.05703442573547363
722,42.5,0.86,0.83,28,22,7,0.05703442573547363
723,42.4,0.86,0.82,28,22,7,0.05703442573547363
724,42.3,0.86,0.84,28,22,7,0.05703442573547363
725,42.2,0.86,0.83,28,22,7,0.06721049547195435
726,43.7,0.85,0.83,27,23,7,0.06721049547195435
727,43.6,0.86,0.82,27,23,7,0.06721049547195435
728,43.5,0.86,0.83,27,23,7,0.06721049547195435
729,43.4,0.86,0.83,27,23,7,0.06721049547195435
730,43.3,0.86,0.83,27,23,7,0.05838046789169312
731,43.2,0.86,0.83,27,23,7,0.05838046789169312
732,43.1,0.86,0.82,27,23,7,0.05838046789169312
733,42.9,0.86,0.83,27,23,7,0.05838046789169312
734,42.8,0.86,0.83,27,23,7,0.05838046789169312
735,42.7,0.86,0.83,27,23,7,0.052883453369140625
736,42.5,0.86,0.83,27,23,7,0.052883453369140625
737,42.4,0.86,0.84,27,23,7,0.052883453369140625
738,42.3,0.86,0.83,27,23,7,0.052883453369140625
739,42.2,0.86,0.82,27,23,7,0.052883453369140625
740,42,0.86,0.83,27,23,7,0.058372667431831365
741,41.9,0.86,0.82,27,23,7,0.058372667431831365
742,41.8,0.86,0.82,27,23,7,0.058372667431831365
743,41.6,0.86,0.83,27,23,7,0.058372667431831365
744,41.5,0.86,0.82,27,23,7,0.058372667431831365
745,41.4,0.86,0.82,27,23,7,0.06822595119476318
746,41.3,0.86,0.82,27,23,7,0.06822595119476318
747,41.2,0.86,0.83,27,23,7,0.06822595119476318
748,41.1,0.86,0.82,27,23,7,0.06822595119476318
749,41,0.86,0.82,27,23,7,0.06822595119476318
750,40.9,0.86,0.83,27,23,7,0.06134622514247895
751,40.9,0.86,0.82,27,23,7,0.06134622514247895
752,40.8,0.86,0.82,27,23,7,0.06134622514247895
753,40.7,0.86,0.82,27,23,7,0.06134622514247895
754,40.6,0.86,0.82,27,23,7,0.06134622514247895
755,40.5,0.86,0.82,27,23,7,0.062146382927894595
756,40.5,0.86,0.82,27,23,7,0.062146382927894595
757,40.4,0.86,0.81,27,23,7,0.062146382927894595
758,40.3,0.86,0.82,27,23,7,0.062146382927894595
759,40.2,0.86,0.81,27,23,7,0.062146382927894595
760,40.1,0.86,0.82,27,23,7,0.057367422580718995
761,40,0.86,0.81,27,23,7,0.057367422580718995
762,39.9,0.86,0.82,27,23,7,0.057367422580718995
763,39.9,0.86,0.8,27,23,7,0.057367422580718995
764,39.8,0.86,0.82,27,23,7,0.057367422580718995
765,39.7,0.86,0.81,27,23,7,0.0543481469154358
766,39.6,0.86,0.82,27,23,7,0.0543481469154358
767,39.5,0.86,0.8,27,23,7,0.0543481469154358
768,39.4,0.86,0.81,27,23,7,0.0543481469154358
769,39.3,0.86,0.8,27,23,7,0.0543481469154358
770,40.6,0.86,0.8,26,24,7,0.06589863359928132
771,40.5,0.86,0.8,26,24,7,0.06589863359928132
772,40.4,0.86,0.8,26,24,7,0.06589863359928132
773,40.3,0.86,0.8,26,24,7,0.06589863359928132
774,40.2,0.86,0.8,26,24,7,0.06589863359928132
775,40,0.86,0.8,26,24,7,0.05142845392227173
776,39.9,0.86,0.79,26,24,7,0.05142845392227173
777,39.8,0.86,0.8,26,24,7,0.05142845392227173
778,39.7,0.86,0.8,26,24,7,0.05142845392227173
779,39.6,0.85,0.8,26,24,7,0.05142845392227173
780,39.5,0.86,0.8,26,24,7,0.05551132678985596
781,39.4,0.86,0.79,26,24,7,0.05551132678985596
782,39.3,0.86,0.8,26,24,7,0.05551132678985596
783,39.1,0.85,0.8,26,24,7,0.05551132678985596
784,39,0.86,0.79,26,24,7,0.05551132678985596
785,38.9,0.86,0.79,26,24,7,0.058122308254241944
786,38.8,0.86,0.79,26,24,7,0.058122308254241944
787,38.7,0.86,0.79,26,24,7,0.058122308254241944
788,38.7,0.85,0.79,26,24,7,0.058122308254241944
789,38.6,0.85,0.79,26,24,7,0.058122308254241944
790,38.5,0.86,0.79,26,24,7,0.06305614471435547
791,38.4,0.86,0.79,26,24,7,0.06305614471435547
792,38.3,0.86,0.8,26,24,7,0.06305614471435547
793,38.3,0.86,0.79,26,24,7,0.06305614471435547
794,38.2,0.86,0.79,26,24,7,0.06305614471435547
795,38.1,0.86,0.8,26,24,7,0.06913011550903321
796,38,0.85,0.8,26,24,7,0.06913011550903321
797,37.9,0.86,0.8,26,24,7,0.06913011550903321
798,37.8,0.86,0.79,26,24,7,0.06913011550903321
799,37.8,0.86,0.79,26,24,7,0.06913011550903321
800,37.7,0.86,0.79,26,24,7,0.058853979110717776
801,37.6,0.86,0.8,26,24,7,0.058853979110717776
802,37.5,0.86,0.8,26,24,7,0.058853979110717776
803,38.9,0.86,0.79,25,25,7,0.058853979110717776
804,38.9,0.86,0.8,25,25,7,0.058853979110717776
805,40.4,0.85,0.8,24,26,7,0.05336186885833741
806,40.3,0.86,0.79,24,26,7,0.05336186885833741
807,40.2,0.85,0.8,24,26,7,0.05336186885833741
808,40.2,0.85,0.79,24,26,7,0.05336186885833741
809,40.1,0.85,0.79,24,26,7,0.05336186885833741
810,40,0.85,0.79,24,26,7,0.062619948387146
811,39.9,0.85,0.79,24,26,7,0.062619948387146
812,39.9,0.85,0.79,24,26,7,0.062619948387146
813,39.8,0.85,0.8,24,26,7,0.062619948387146
814,39.7,0.85,0.78,24,26,7,0.062619948387146
815,39.6,0.85,0.79,24,26,7,0.06563647031784058
816,39.5,0.85,0.79,24,26,7,0.06563647031784058
817,41.2,0.85,0.78,23,27,7,0.06563647031784058
818,41.1,0.85,0.79,23,27,7,0.06563647031784058
819,42.9,0.84,0.79,22,28,7,0.06563647031784058
820,42.8,0.84,0.78,22,28,7,0.06593055486679078
821,42.6,0.85,0.78,22,28,7,0.06593055486679078
822,42.5,0.84,0.78,22,28,7,0.06593055486679078
823,42.4,0.84,0.79,22,28,7,0.06593055486679078
824,42.2,0.84,0.79,22,28,7,0.06593055486679078
825,42.1,0.84,0.78,22,28,7,0.06273718118667602
826,42,0.84,0.79,22,28,7,0.06273718118667602
827,41.8,0.85,0.77,22,28,7,0.06273718118667602
828,41.7,0.84,0.78,22,28,7,0.06273718118667602
829,43.6,0.84,0.77,21,29,7,0.06273718118667602
830,43.4,0.84,0.77,21,29,7,0.05555761575698853
831,43.3,0.84,0.78,21,29,7,0.05555761575698853
832,43.1,0.84,0.77,21,29,7,0.05555761575698853
833,43,0.84,0.78,21,29,7,0.05555761575698853
834,42.9,0.84,0.77,21,29,7,0.05555761575698853
835,42.7,0.84,0.77,21,29,7,0.060258114337921144
836,42.6,0.84,0.77,21,29,7,0.060258114337921144
837,42.5,0.84,0.78,21,29,7,0.060258114337921144
838,42.5,0.84,0.77,21,29,7,0.060258114337921144
839,42.4,0.84,0.78,21,29,7,0.060258114337921144
840,42.3,0.84,0.77,21,29,7,0.05009658336639405
841,42.2,0.84,0.77,21,29,7,0.05009658336639405
842,42.2,0.84,0.77,21,29,7,0.05009658336639405
843,42.1,0.85,0.76,21,29,7,0.05009658336639405
844,42,0.84,0.77,21,29,7,0.05009658336639405
845,41.9,0.84,0.77,21,29,7,0.05414400577545166
846,41.7,0.84,0.77,21,29,7,0.05414400577545166
847,41.6,0.84,0.77,21,29,7,0.05414400577545166
848,41.5,0.84,0.77,21,29,7,0.05414400577545166
849,41.6,0.84,0.77,21,29,7,0.05414400577545166
850,41.6,0.84,0.77,21,29,7,0.053440712094306946
851,41.7,0.85,0.76,21,29,7,0.053440712094306946
852,41.8,0.85,0.77,21,29,7,0.053440712094306946
853,41.8,0.85,0.76,21,29,7,0.053440712094306946
854,41.8,0.85,0.76,21,29,7,0.053440712094306946
855,43.9,0.84,0.76,20,30,7,0.052465580105781555
856,44,0.84,0.76,20,30,7,0.052465580105781555
857,44.1,0.84,0.76,20,30,7,0.052465580105781555
858,44.2,0.84,0.76,20,30,7,0.052465580105781555
859,44.2,0.84,0.76,20,30,7,0.052465580105781555
860,44.3,0.84,0.76,20,30,7,0.06648043685592711
861,44.4,0.84,0.76,20,30,7,0.06648043685592711
862,44.5,0.85,0.75,20,30,7,0.06648043685592711
863,44.6,0.84,0.75,20,30,7,0.06648043685592711
864,44.7,0.85,0.75,20,30,7,0.06648043685592711
865,44.7,0.85,0.75,20,30,7,0.06595024585723877
866,44.8,0.84,0.76,20,30,7,0.06595024585723877
867,44.9,0.84,0.75,20,30,7,0.06595024585723877
868,45,0.85,0.75,20,30,7,0.06595024585723877
869,45.1,0.84,0.75,20,30,7,0.06595024585723877
870,47.5,0.84,0.74,19,31,7,0.06908502101898194
871,47.6,0.84,0.75,19,31,7,0.06908502101898194
872,47.6,0.84,0.75,19,31,7,0.06908502101898194
873,47.6,0.84,0.74,19,31,7,0.06908502101898194
874,47.6,0.84,0.74,19,31,7,0.06908502101898194
875,47.6,0.84,0.75,19,31,7,0.05186634600162506
876,47.6,0.84,0.74,19,31,7,0.05186634600162506
877,47.6,0.84,0.73,19,31,7,0.05186634600162506
878,47.6,0.84,0.74,19,31,7,0.05186634600162506
879,47.5,0.84,0.74,19,31,7,0.05186634600162506
880,47.5,0.84,0.74,19,31,7,0.05061520576477051
881,47.4,0.84,0.74,19,31,7,0.05061520576477051
882,47.4,0.84,0.74,19,31,7,0.05061520576477051
883,47.3,0.83,0.75,19,31,7,0.05061520576477051
884,47.3,0.84,0.73,19,31,7,0.05061520576477051
885,47.2,0.84,0.73,19,31,7,0.05169430732727051
886,49.8,0.84,0.73,18,32,7,0.05169430732727051
887,49.7,0.83,0.74,18,32,7,0.05169430732727051
888,49.7,0.83,0.73,18,32,7,0.05169430732727051
889,49.6,0.83,0.73,18,32,7,0.05169430732727051
890,49.6,0.83,0.74,18,32,7,0.0699889075756073
891,49.5,0.83,0.73,18,32,7,0.0699889075756073
892,49.5,0.83,0.73,18,32,7,0.0699889075756073
893,49.4,0.83,0.73,18,32,7,0.0699889075756073
894,49.4,0.83,0.73,18,32,7,0.0699889075756073
895,49.3,0.83,0.72,18,32,7,0.05952574014663697
896,49.3,0.83,0.73,18,32,7,0.05952574014663697
897,49.2,0.83,0.72,18,32,7,0.05952574014663697
898,49,0.83,0.72,18,32,7,0.05952574014663697
899,48.9,0.83,0.72,18,32,7,0.05952574014663697
900,48.8,0.83,0.73,18,32,7,0.06485132694244385
901,48.6,0.83,0.72,18,32,7,0.06485132694244385
902,48.5,0.83,0.73,18,32,7,0.06485132694244385
903,48.3,0.83,0.72,18,32,7,0.06485132694244385
904,48.2,0.83,0.72,18,32,7,0.06485132694244385
905,48.1,0.83,0.71,18,32,7,0.05222947120666504
906,47.9,0.83,0.72,18,32,7,0.05222947120666504
907,50.6,0.82,0.72,17,33,7,0.05222947120666504
908,50.4,0.82,0.72,17,33,7,0.05222947120666504
909,50.4,0.82,0.72,17,33,7,0.05222947120666504
910,50.3,0.82,0.72,17,33,7,0.05831492304801941
911,50.2,0.82,0.71,17,33,7,0.05831492304801941
912,50.2,0.82,0.71,17,33,7,0.05831492304801941
913,50.1,0.82,0.72,17,33,7,0.05831492304801941
914,50,0.82,0.71,17,33,7,0.05831492304801941
915,49.8,0.82,0.71,17,33,7,0.05531303405761719
916,49.7,0.82,0.71,17,33,7,0.05531303405761719
917,49.6,0.82,0.71,17,33,7,0.05531303405761719
918,49.4,0.82,0.71,17,33,7,0.05531303405761719
919,49.3,0.82,0.71,17,33,7,0.05531303405761719
920,49.1,0.81,0.72,17,33,7,0.06145231775939465
921,49,0.81,0.71,17,33,7,0.06145231775939465
922,48.9,0.81,0.71,17,33,7,0.06145231775939465
923,48.8,0.82,0.71,17,33,7,0.06145231775939465
924,48.7,0.81,0.71,17,33,7,0.06145231775939465
925,48.6,0.81,0.71,17,33,7,0.056391074657440185
926,48.6,0.81,0.7,17,33,7,0.056391074657440185
927,48.6,0.81,0.71,17,33,7,0.056391074657440185
928,48.7,0.81,0.71,17,33,7,0.056391074657440185
929,48.7,0.81,0.71,17,33,7,0.056391074657440185
930,48.8,0.81,0.71,17,33,7,0.05027148306369782
931,48.9,0.81,0.71,17,33,7,0.05027148306369782
932,49.1,0.81,0.71,17,33,7,0.05027148306369782
933,49.2,0.81,0.71,17,33,7,0.05027148306369782
934,49.4,0.81,0.7,17,33,7,0.05027148306369782
935,49.6,0.81,0.7,17,33,7,0.0508538842201233
936,49.8,0.81,0.71,17,33,7,0.0508538842201233
937,50.1,0.81,0.7,17,33,7,0.0508538842201233
938,50.4,0.81,0.71,17,33,7,0.0508538842201233
939,50.7,0.81,0.7,17,33,7,0.0508538842201233
940,51,0.8,0.71,17,33,7,0.06622075140476227
941,51.4,0.81,0.7,17,33,7,0.06622075140476227
942,51.6,0.81,0.7,17,33,7,0.06622075140476227
943,51.9,0.8,0.7,17,33,7,0.06622075140476227
944,52.2,0.81,0.7,17,33,7,0.06622075140476227
945,52.3,0.8,0.7,17,33,7,0.06213914275169373
946,52.6,0.8,0.7,17,33,7,0.06213914275169373
947,56,0.81,0.69,16,34,7,0.06213914275169373
948,56.1,0.81,0.69,16,34,7,0.06213914275169373
949,56.3,0.8,0.69,16,34,7,0.06213914275169373
950,56.4,0.81,0.69,16,34,7,0.05414315700531006
951,56.5,0.8,0.69,16,34,7,0.05414315700531006
952,56.7,0.8,0.69,16,34,7,0.05414315700531006
953,56.8,0.8,0.68,16,34,7,0.05414315700531006
954,57,0.8,0.69,16,34,7,0.05414315700531006
955,57.1,0.8,0.68,16,34,7,0.06790603160858155
956,57.3,0.8,0.68,16,34,7,0.06790603160858155
957,57.3,0.8,0.69,16,34,7,0.06790603160858155
958,57.2,0.8,0.69,16,34,7,0.06790603160858155
959,57.1,0.8,0.68,16,34,7,0.06790603160858155
960,56.9,0.8,0.69,16,34,7,0.06453738689422608
961,56.8,0.8,0.69,16,34,7,0.06453738689422608
962,56.7,0.8,0.68,16,34,7,0.06453738689422608
963,56.6,0.8,0.68,16,34,7,0.06453738689422608
964,56.6,0.8,0.68,16,34,7,0.06453738689422608
965,56.5,0.8,0.68,16,34,7,0.05577422142028809
966,56.5,0.8,0.68,16,34,7,0.05577422142028809
967,56.4,0.8,0.67,16,34,7,0.05577422142028809
968,56.4,0.8,0.67,16,34,7,0.05577422142028809
969,56.3,0.8,0.68,16,34,7,0.05577422142028809
970,56.3,0.8,0.68,16,34,7,0.06799957752227784
971,56.2,0.79,0.68,16,34,7,0.06799957752227784
972,56.1,0.79,0.68,16,34,7,0.06799957752227784
973,56.1,0.79,0.67,16,34,7,0.06799957752227784
974,56,0.79,0.67,16,34,7,0.06799957752227784
975,56,0.79,0.67,16,34,7,0.06945852041244507
976,55.9,0.79,0.67,16,34,7,0.06945852041244507
977,55.9,0.79,0.67,16,34,7,0.06945852041244507
978,55.8,0.79,0.67,16,34,7,0.06945852041244507
979,55.7,0.79,0.66,16,34,7,0.06945852041244507
980,55.7,0.79,0.67,16,34,7,0.06117963314056397
981,55.6,0.79,0.67,16,34,7,0.06117963314056397
982,55.5,0.79,0.67,16,34,7,0.06117963314056397
983,55.5,0.79,0.67,16,34,7,0.06117963314056397
984,55.4,0.79,0.66,16,34,7,0.06117963314056397
985,55.3,0.79,0.66,16,34,7,0.0631296968460083
986,55.1,0.79,0.66,16,34,7,0.0631296968460083
987,55,0.79,0.66,16,34,7,0.0631296968460083
988,54.9,0.79,0.66,16,34,7,0.0631296968460083
989,54.8,0.79,0.66,16,34,7,0.0631296968460083
990,54.7,0.79,0.66,16,34,7,0.05917057037353516
991,54.7,0.79,0.66,16,34,7,0.05917057037353516
992,54.7,0.79,0.66,16,34,7,0.05917057037353516
993,54.7,0.79,0.65,16,34,7,0.05917057037353516
994,54.7,0.79,0.66,16,34,7,0.05917057037353516
995,54.7,0.78,0.66,16,34,7,0.06577772676944733
996,54.7,0.78,0.66,16,34,7,0.06577772676944733
997,54.7,0.79,0.65,16,34,7,0.06577772676944733
998,54.7,0.78,0.66,16,34,7,0.06577772676944733
999,54.7,0.78,0.65,16,34,7,0.06577772676944733
1000,54.7,0.78,0.66,16,34,7,0.055026934146881104
1001,54.6,0.78,0.66,16,34,7,0.055026934146881104
1002,54.5,0.78,0.65,16,34,7,0.055026934146881104
1003,54.4,0.78,0.65,16,34,7,0.055026934146881104
1004,54.3,0.78,0.65,16,34,7,0.055026934146881104
1005,54.2,0.78,0.65,16,34,7,0.06209077119827271
1006,54.1,0.78,0.65,16,34,7,0.06209077119827271
1007,54,0.78,0.66,16,34,7,0.06209077119827271
1008,54,0.78,0.66,16,34,7,0.06209077119827271
1009,54,0.77,0.66,16,34,7,0.06209077119827271
1010,53.9,0.77,0.66,16,34,7,0.0589852099865675
1011,53.8,0.77,0.66,16,34,7,0.0589852099865675
1012,53.7,0.78,0.65,16,34,7,0.0589852099865675
1013,53.7,0.78,0.65,16,34,7,0.0589852099865675
1014,53.6,0.77,0.65,16,34,7,0.0589852099865675
1015,53.6,0.78,0.65,16,34,7,0.06666649103164674
1016,53.5,0.77,0.65,16,34,7,0.06666649103164674
1017,53.4,0.78,0.65,16,34,7,0.06666649103164674
1018,53.3,0.77,0.65,16,34,7,0.06666649103164674
1019,53.2,0.77,0.65,16,34,7,0.06666649103164674
1020,53.1,0.77,0.65,16,34,7,0.06865016460418702
1021,53,0.77,0.65,16,34,7,0.06865016460418702
1022,53,0.77,0.65,16,34,7,0.06865016460418702
1023,52.8,0.77,0.64,16,34,7,0.06865016460418702
1024,52.7,0.77,0.64,16,34,7,0.06865016460418702
1025,52.5,0.77,0.64,16,34,7,0.0543940281867981
1026,52.4,0.77,0.64,16,34,7,0.0543940281867981
1027,52.3,0.77,0.64,16,34,7,0.0543940281867981
1028,52.1,0.77,0.64,16,34,7,0.0543940281867981
1029,52,0.77,0.64,16,34,7,0.0543940281867981
1030,51.9,0.77,0.63,16,34,7,0.06954609394073487
1031,51.8,0.77,0.63,16,34,7,0.06954609394073487
1032,51.6,0.77,0.64,16,34,7,0.06954609394073487
1033,51.5,0.77,0.64,16,34,7,0.06954609394073487
1034,51.4,0.77,0.64,16,34,7,0.06954609394073487
1035,51.2,0.77,0.64,16,34,7,0.054731686115264896
1036,51.1,0.77,0.64,16,34,7,0.054731686115264896
1037,51,0.77,0.63,16,34,7,0.054731686115264896
1038,50.8,0.76,0.64,16,34,7,0.054731686115264896
1039,50.7,0.77,0.64,16,34,7,0.054731686115264896
1040,53.9,0.77,0.62,15,35,7,0.05066100358963013
1041,53.8,0.76,0.63,15,35,7,0.05066100358963013
1042,53.6,0.77,0.62,15,35,7,0.05066100358963013
1043,53.5,0.77,0.63,15,35,7,0.05066100358963013
1044,53.3,0.77,0.62,15,35,7,0.05066100358963013
1045,53.2,0.77,0.63,15,35,7,0.061578118801116945
1046,53.1,0.77,0.62,15,35,7,0.061578118801116945
1047,52.9,0.76,0.63,15,35,7,0.061578118801116945
1048,52.8,0.77,0.62,15,35,7,0.061578118801116945
1049,52.7,0.76,0.63,15,35,7,0.061578118801116945
1050,52.5,0.77,0.62,15,35,7,0.05596825122833252
1051,52.4,0.76,0.63,15,35,7,0.05596825122833252
1052,52.2,0.77,0.62,15,35,7,0.05596825122833252
1053,52.1,0.76,0.62,15,35,7,0.05596825122833252
1054,51.9,0.76,0.62,15,35,7,0.05596825122833252
1055,51.8,0.76,0.62,15,35,7,0.05234198570251465
1056,51.7,0.76,0.62,15,35,7,0.05234198570251465
1057,51.5,0.76,0.62,15,35,7,0.05234198570251465
1058,51.4,0.76,0.63,15,35,7,0.05234198570251465
1059,51.2,0.76,0.62,15,35,7,0.05234198570251465
1060,51.1,0.76,0.62,15,35,7,0.05720697693526745
1061,51,0.76,0.61,15,35,7,0.05720697693526745
1062,50.9,0.76,0.62,15,35,7,0.05720697693526745
1063,50.7,0.76,0.63,15,35,7,0.05720697693526745
1064,50.6,0.76,0.62,15,35,7,0.05720697693526745
1065,50.5,0.76,0.62,15,35,7,0.05243058681488037
1066,53.9,0.77,0.62,14,36,7,0.05243058681488037
1067,53.8,0.77,0.63,14,36,7,0.05243058681488037
1068,53.6,0.77,0.62,14,36,7,0.05243058681488037
1069,53.5,0.77,0.63,14,36,7,0.05243058681488037
1070,53.5,0.77,0.62,14,36,7,0.06075827121734619
1071,53.5,0.77,0.62,14,36,7,0.06075827121734619
1072,53.6,0.77,0.62,14,36,7,0.06075827121734619
1073,53.7,0.77,0.62,14,36,7,0.06075827121734619
1074,53.8,0.76,0.62,14,36,7,0.06075827121734619
1075,53.8,0.77,0.62,14,36,7,0.06620471715927125
1076,53.9,0.76,0.63,14,36,7,0.06620471715927125
1077,58.1,0.76,0.6,13,37,7,0.06620471715927125
1078,58.2,0.76,0.6,13,37,7,0.06620471715927125
1079,58.3,0.76,0.61,13,37,7,0.06620471715927125
1080,58.5,0.76,0.61,13,37,7,0.05108194410800934
1081,58.8,0.76,0.6,13,37,7,0.05108194410800934
1082,59.1,0.76,0.6,13,37,7,0.05108194410800934
1083,59.4,0.76,0.6,13,37,7,0.05108194410800934
1084,59.6,0.76,0.6,13,37,7,0.05108194410800934
1085,59.7,0.76,0.6,13,37,7,0.05391166687011719
1086,59.9,0.76,0.6,13,37,7,0.05391166687011719
1087,60,0.76,0.6,13,37,7,0.05391166687011719
1088,60.2,0.76,0.6,13,37,7,0.05391166687011719
1089,60.3,0.75,0.6,13,37,7,0.05391166687011719
1090,60.4,0.76,0.6,13,37,7,0.0654440975189209
1091,60.4,0.75,0.6,13,37,7,0.0654440975189209
1092,60.5,0.76,0.59,13,37,7,0.0654440975189209
1093,60.6,0.75,0.6,13,37,7,0.0654440975189209
1094,60.6,0.75,0.59,13,37,7,0.0654440975189209
1095,60.7,0.75,0.6,13,37,7,0.053642418980598454
1096,60.8,0.75,0.59,13,37,7,0.053642418980598454
1097,61,0.75,0.6,13,37,7,0.053642418980598454
1098,61.2,0.75,0.59,13,37,7,0.053642418980598454
1099,61.3,0.75,0.59,13,37,7,0.053642418980598454
1100,61.5,0.75,0.59,13,37,7,0.05019171714782715
1101,61.6,0.75,0.59,13,37,7,0.05019171714782715
1102,61.7,0.75,0.6,13,37,7,0.05019171714782715
1103,61.7,0.75,0.6,13,37,7,0.05019171714782715
1104,61.6,0.75,0.59,13,37,7,0.05019171714782715
1105,61.7,0.75,0.59,13,37,7,0.06621720552444459
1106,61.6,0.75,0.59,13,37,7,0.06621720552444459
1107,61.6,0.74,0.6,13,37,7,0.06621720552444459
1108,61.7,0.74,0.59,13,37,7,0.06621720552444459
1109,61.7,0.74,0.59,13,37,7,0.06621720552444459
1110,61.8,0.74,0.6,13,37,7,0.06467938482761383
1111,61.9,0.74,0.59,13,37,7,0.06467938482761383
1112,61.9,0.74,0.59,13,37,7,0.06467938482761383
1113,62,0.74,0.59,13,37,7,0.06467938482761383
1114,62,0.74,0.59,13,37,7,0.06467938482761383
1115,62.1,0.74,0.58,13,37,7,0.059698257446289066
1116,62.2,0.74,0.58,13,37,7,0.059698257446289066
1117,62.2,0.74,0.59,13,37,7,0.059698257446289066
1118,62.3,0.74,0.59,13,37,7,0.059698257446289066
1119,62.4,0.74,0.58,13,37,7,0.059698257446289066
1120,62.4,0.73,0.59,13,37,7,0.05978672027587891
1121,62.5,0.73,0.59,13,37,7,0.05978672027587891
1122,62.5,0.73,0.58,13,37,7,0.05978672027587891
1123,62.6,0.73,0.58,13,37,7,0.05978672027587891
1124,62.6,0.73,0.59,13,37,7,0.05978672027587891
1125,62.7,0.73,0.59,13,37,7,0.06402934551239015
1126,62.7,0.73,0.59,13,37,7,0.06402934551239015
1127,62.8,0.73,0.59,13,37,7,0.06402934551239015
1128,62.8,0.73,0.58,13,37,7,0.06402934551239015
1129,62.9,0.73,0.58,13,37,7,0.06402934551239015
1130,62.8,0.73,0.58,13,37,7,0.05971127271652222
1131,62.8,0.73,0.59,13,37,7,0.05971127271652222
1132,62.8,0.73,0.58,13,37,7,0.05971127271652222
1133,62.8,0.72,0.59,13,37,7,0.05971127271652222
1134,62.8,0.73,0.65,13,37,7,0.05971127271652222
1135,62.8,0.73,0.65,13,37,7,0.05954317092895508
1136,62.6,0.73,0.65,13,37,7,0.05954317092895508
1137,62.6,0.72,0.66,13,37,7,0.05954317092895508
1138,62.6,0.72,0.65,13,37,7,0.05954317092895508
1139,62.5,0.72,0.66,13,37,7,0.05954317092895508
1140,62.5,0.72,0.65,13,37,7,0.06495020389556885
1141,62.5,0.72,0.66,13,37,7,0.06495020389556885
1142,62.4,0.72,0.65,13,37,7,0.06495020389556885
1143,62.4,0.72,0.65,13,37,7,0.06495020389556885
1144,62.3,0.72,0.65,13,37,7,0.06495020389556885
1145,62.3,0.72,0.65,13,37,7,0.05591521799564362
1146,62.3,0.72,0.64,13,37,7,0.05591521799564362
1147,62.2,0.72,0.65,13,37,7,0.05591521799564362
1148,62.2,0.72,0.65,13,37,7,0.05591521799564362
1149,62.2,0.72,0.65,13,37,7,0.05591521799564362
1150,62.1,0.72,0.64,13,37,7,0.05476864576339722
1151,62.1,0.72,0.65,13,37,7,0.05476864576339722
1152,62.2,0.72,0.64,13,37,7,0.05476864576339722
1153,62.3,0.72,0.64,13,37,7,0.05476864576339722
1154,62.4,0.72,0.63,13,37,7,0.05476864576339722
1155,62.5,0.71,0.65,13,37,7,0.06072846226394177
1156,62.6,0.71,0.64,13,37,7,0.06072846226394177
1157,62.7,0.71,0.64,13,37,7,0.06072846226394177
1158,62.8,0.72,0.63,13,37,7,0.06072846226394177
1159,62.9,0.72,0.63,13,37,7,0.06072846226394177
1160,63,0.71,0.63,13,37,7,0.06027549266815186
1161,63.1,0.71,0.64,13,37,7,0.06027549266815186
1162,63.1,0.71,0.63,13,37,7,0.06027549266815186
1163,63.1,0.71,0.63,13,37,7,0.06027549266815186
1164,63.1,0.71,0.64,13,37,7,0.06027549266815186
1165,63.2,0.71,0.63,13,37,7,0.05890157699584961
1166,63.4,0.71,0.62,13,37,7,0.05890157699584961
1167,63.6,0.71,0.62,13,37,7,0.05890157699584961
1168,63.8,0.71,0.63,13,37,7,0.05890157699584961
1169,63.8,0.71,0.63,13,37,7,0.05890157699584961
1170,63.7,0.71,0.62,13,37,7,0.05629446506500244
1171,63.7,0.71,0.62,13,37,7,0.05629446506500244
1172,63.6,0.71,0.62,13,37,7,0.05629446506500244
1173,63.6,0.71,0.61,13,37,7,0.05629446506500244
1174,63.8,0.71,0.63,13,37,7,0.05629446506500244
1175,64,0.71,0.61,13,37,7,0.06401541471481323
1176,64.1,0.7,0.63,13,37,7,0.06401541471481323
1177,64.4,0.7,0.63,13,37,7,0.06401541471481323
1178,64.7,0.71,0.62,13,37,7,0.06401541471481323
1179,64.9,0.71,0.62,13,37,7,0.06401541471481323
1180,65,0.71,0.61,13,37,7,0.06737006902694703
1181,65.2,0.71,0.62,13,37,7,0.06737006902694703
1182,65.4,0.71,0.61,13,37,7,0.06737006902694703
1183,65.6,0.71,0.61,13,37,7,0.06737006902694703
1184,65.7,0.7,0.62,13,37,7,0.06737006902694703
1185,65.7,0.7,0.62,13,37,7,0.06046518862247467
1186,65.7,0.7,0.61,13,37,7,0.06046518862247467
1187,65.7,0.7,0.62,13,37,7,0.06046518862247467
1188,65.6,0.7,0.62,13,37,7,0.06046518862247467
1189,65.6,0.71,0.61,13,37,7,0.06046518862247467
1190,65.6,0.7,0.61,13,37,7,0.06722415208816529
1191,65.6,0.7,0.6,13,37,7,0.06722415208816529
1192,65.6,0.7,0.61,13,37,7,0.06722415208816529
1193,65.6,0.7,0.6,13,37,7,0.06722415208816529
1194,65.6,0.7,0.6,13,37,7,0.06722415208816529
1195,65.6,0.71,0.6,13,37,7,0.05498836040496827
1196,65.6,0.71,0.59,13,37,7,0.05498836040496827
1197,65.5,0.7,0.61,13,37,7,0.05498836040496827
1198,65.6,0.71,0.59,13,37,7,0.05498836040496827
1199,65.6,0.71,0.59,13,37,7,0.05498836040496827
1200,65.6,0.7,0.61,13,37,7,0.05141766123473644
1201,65.5,0.7,0.6,13,37,7,0.05141766123473644
1202,65.5,0.7,0.61,13,37,7,0.05141766123473644
1203,65.4,0.7,0.59,13,37,7,0.05141766123473644
1204,65.4,0.7,0.6,13,37,7,0.05141766123473644
1205,65.3,0.7,0.6,13,37,7,0.05821093797683716
1206,65.3,0.7,0.6,13,37,7,0.05821093797683716
1207,65.1,0.7,0.59,13,37,7,0.05821093797683716
1208,65,0.7,0.59,13,37,7,0.05821093797683716
1209,64.9,0.7,0.59,13,37,7,0.05821093797683716
1210,64.7,0.69,0.6,13,37,7,0.06329545021057129
1211,64.6,0.7,0.59,13,37,7,0.06329545021057129
1212,64.4,0.69,0.6,13,37,7,0.06329545021057129
1213,64.3,0.7,0.59,13,37,7,0.06329545021057129
1214,64.2,0.69,0.6,13,37,7,0.06329545021057129
1215,64,0.7,0.59,13,37,7,0.06340896606445312
1216,63.9,0.7,0.59,13,37,7,0.06340896606445312
1217,63.8,0.71,0.58,13,37,7,0.06340896606445312
1218,63.6,0.7,0.59,13,37,7,0.06340896606445312
1219,63.5,0.71,0.58,13,37,7,0.06340896606445312
1220,63.4,0.71,0.58,13,37,7,0.06090590238571167
1221,68.5,0.74,0.64,12,38,7,0.06090590238571167
1222,68.3,0.74,0.65,12,38,7,0.06090590238571167
1223,68.2,0.75,0.63,12,38,7,0.06090590238571167
1224,68.1,0.75,0.63,12,38,7,0.06090590238571167
1225,67.9,0.74,0.64,12,38,7,0.06178048372268677
1226,67.8,0.74,0.64,12,38,7,0.06178048372268677
1227,67.7,0.75,0.62,12,38,7,0.06178048372268677
1228,67.5,0.75,0.63,12,38,7,0.06178048372268677
1229,67.4,0.75,0.63,12,38,7,0.06178048372268677
1230,67.3,0.75,0.63,12,38,7,0.05599123597145081
1231,67.1,0.75,0.63,12,38,7,0.05599123597145081
1232,67,0.75,0.62,12,38,7,0.05599123597145081
1233,66.9,0.75,0.63,12,38,7,0.05599123597145081
1234,66.7,0.75,0.63,12,38,7,0.05599123597145081
1235,66.6,0.75,0.61,12,38,7,0.06136882305145264
1236,66.4,0.75,0.62,12,38,7,0.06136882305145264
1237,66.3,0.75,0.62,12,38,7,0.06136882305145264
1238,66.1,0.75,0.61,12,38,7,0.06136882305145264
1239,66,0.75,0.61,12,38,7,0.06136882305145264
1240,65.8,0.75,0.62,12,38,7,0.0566402292251587
1241,65.7,0.75,0.61,12,38,7,0.0566402292251587
1242,65.5,0.75,0.61,12,38,7,0.0566402292251587
1243,65.4,0.75,0.62,12,38,7,0.0566402292251587
1244,65.3,0.75,0.6,12,38,7,0.0566402292251587
1245,65.1,0.75,0.61,12,38,7,0.06000489473342896
1246,65,0.75,0.61,12,38,7,0.06000489473342896
1247,64.8,0.75,0.61,12,38,7,0.06000489473342896
1248,64.7,0.75,0.61,12,38,7,0.06000489473342896
1249,64.5,0.74,0.61,12,38,7,0.06000489473342896
1250,64.4,0.75,0.6,12,38,7,0.05578511476516724
1251,64.3,0.75,0.6,12,38,7,0.05578511476516724
1252,64.1,0.75,0.61,12,38,7,0.05578511476516724
1253,64,0.75,0.61,12,38,7,0.05578511476516724
1254,63.8,0.75,0.6,12,38,7,0.05578511476516724
1255,63.7,0.75,0.6,12,38,7,0.060459046363830565
1256,63.6,0.74,0.61,12,38,7,0.060459046363830565
1257,63.6,0.75,0.6,12,38,7,0.060459046363830565
1258,63.6,0.75,0.59,12,38,7,0.060459046363830565
1259,63.5,0.74,0.6,12,38,7,0.060459046363830565
1260,63.6,0.75,0.59,12,38,7,0.06745235443115234
1261,63.7,0.74,0.6,12,38,7,0.06745235443115234
1262,63.8,0.74,0.6,12,38,7,0.06745235443115234
1263,63.9,0.75,0.59,12,38,7,0.06745235443115234
1264,63.9,0.75,0.59,12,38,7,0.06745235443115234
1265,64,0.74,0.6,12,38,7,0.06118574619293213
1266,64.1,0.74,0.59,12,38,7,0.06118574619293213
1267,64.2,0.74,0.59,12,38,7,0.06118574619293213
1268,64.3,0.74,0.6,12,38,7,0.06118574619293213
1269,64.4,0.74,0.59,12,38,7,0.06118574619293213
1270,64.4,0.74,0.59,12,38,7,0.05569845914840699
1271,64.5,0.74,0.59,12,38,7,0.05569845914840699
1272,64.6,0.74,0.59,12,38,7,0.05569845914840699
1273,64.7,0.74,0.6,12,38,7,0.05569845914840699
1274,64.8,0.74,0.59,12,38,7,0.05569845914840699
1275,64.9,0.73,0.59,12,38,7,0.05950392842292786
1276,64.9,0.74,0.59,12,38,7,0.05950392842292786
1277,64.8,0.74,0.58,12,38,7,0.05950392842292786
1278,64.8,0.74,0.59,12,38,7,0.05950392842292786
1279,64.8,0.74,0.58,12,38,7,0.05950392842292786
1280,64.9,0.73,0.59,12,38,7,0.05533852815628052
1281,65,0.74,0.58,12,38,7,0.05533852815628052
1282,65.1,0.73,0.59,12,38,7,0.05533852815628052
1283,65.1,0.74,0.57,12,38,7,0.05533852815628052
1284,65.1,0.73,0.58,12,38,7,0.05533852815628052
1285,65.1,0.73,0.58,12,38,7,0.050469930171966555
1286,65.1,0.73,0.58,12,38,7,0.050469930171966555
1287,65,0.73,0.58,12,38,7,0.050469930171966555
1288,65,0.73,0.59,12,38,7,0.050469930171966555
1289,65,0.73,0.58,12,38,7,0.050469930171966555
1290,65,0.73,0.58,12,38,7,0.060865335464477546
1291,64.8,0.72,0.59,12,38,7,0.060865335464477546
1292,64.7,0.73,0.58,12,38,7,0.060865335464477546
1293,64.6,0.73,0.58,12,38,7,0.060865335464477546
1294,64.4,0.72,0.58,12,38,7,0.060865335464477546
1295,64.3,0.72,0.58,12,38,7,0.05029803335666657
1296,64.1,0.73,0.58,12,38,7,0.05029803335666657
1297,64,0.73,0.57,12,38,7,0.05029803335666657
1298,63.8,0.73,0.57,12,38,7,0.05029803335666657
1299,63.7,0.73,0.57,12,38,7,0.05029803335666657
1300,63.6,0.73,0.57,12,38,7,0.059336831569671636
1301,63.4,0.72,0.58,12,38,7,0.059336831569671636
1302,63.3,0.72,0.57,12,38,7,0.059336831569671636
1303,63.1,0.73,0.57,12,38,7,0.059336831569671636
1304,63,0.72,0.57,12,38,7,0.059336831569671636
1305,62.9,0.73,0.56,12,38,7,0.06742934942245483
1306,62.7,0.72,0.57,12,38,7,0.06742934942245483
1307,62.6,0.72,0.57,12,38,7,0.06742934942245483
1308,62.4,0.72,0.57,12,38,7,0.06742934942245483
1309,62.3,0.72,0.56,12,38,7,0.06742934942245483
1310,62.2,0.72,0.57,12,38,7,0.05564863979816437
1311,62.1,0.72,0.56,12,38,7,0.05564863979816437
1312,62.1,0.72,0.57,12,38,7,0.05564863979816437
1313,62,0.72,0.56,12,38,7,0.05564863979816437
1314,61.9,0.72,0.57,12,38,7,0.05564863979816437
1315,61.8,0.72,0.57,12,38,7,0.056044194698333744
1316,61.8,0.72,0.56,12,38,7,0.056044194698333744
1317,61.7,0.71,0.57,12,38,7,0.056044194698333744
1318,61.6,0.71,0.57,12,38,7,0.056044194698333744
1319,61.5,0.72,0.56,12,38,7,0.056044194698333744
1320,61.5,0.71,0.57,12,38,7,0.06608405888080597
1321,61.4,0.72,0.56,12,38,7,0.06608405888080597
1322,61.3,0.72,0.56,12,38,7,0.06608405888080597
1323,61.2,0.71,0.57,12,38,7,0.06608405888080597
1324,61.2,0.72,0.56,12,38,7,0.06608405888080597
1325,61.1,0.72,0.55,12,38,7,0.05109504699707031
1326,61,0.71,0.56,12,38,7,0.05109504699707031
1327,60.9,0.71,0.56,12,38,7,0.05109504699707031
1328,60.9,0.72,0.55,12,38,7,0.05109504699707031
1329,60.8,0.72,0.55,12,38,7,0.05109504699707031
1330,60.7,0.71,0.57,12,38,7,0.0532638268917799
1331,60.6,0.71,0.56,12,38,7,0.0532638268917799
1332,60.5,0.71,0.55,12,38,7,0.0532638268917799
1333,60.5,0.71,0.56,12,38,7,0.0532638268917799
1334,60.4,0.71,0.56,12,38,7,0.0532638268917799
1335,60.3,0.71,0.55,12,38,7,0.0690610146522522
1336,60.2,0.71,0.55,12,38,7,0.0690610146522522
1337,60.1,0.71,0.55,12,38,7,0.0690610146522522
1338,60,0.71,0.56,12,38,7,0.0690610146522522
1339,60,0.71,0.56,12,38,7,0.0690610146522522
1340,59.9,0.71,0.54,12,38,7,0.06405925273895263
1341,59.8,0.71,0.56,12,38,7,0.06405925273895263
1342,59.7,0.71,0.55,12,38,7,0.06405925273895263
1343,59.6,0.71,0.55,12,38,7,0.06405925273895263
1344,59.5,0.71,0.55,12,38,7,0.06405925273895263
1345,59.5,0.71,0.54,12,38,7,0.059200887680053715
1346,59.4,0.71,0.55,12,38,7,0.059200887680053715
1347,59.3,0.71,0.54,12,38,7,0.059200887680053715
1348,59.2,0.7,0.55,12,38,7,0.059200887680053715
1349,59.1,0.7,0.55,12,38,7,0.059200887680053715
1350,59.1,0.7,0.54,12,38,7,0.05751395225524902
1351,59.2,0.7,0.55,12,38,7,0.05751395225524902
1352,59.2,0.7,0.54,12,38,7,0.05751395225524902
1353,59.2,0.7,0.54,12,38,7,0.05751395225524902
1354,59.2,0.7,0.55,12,38,7,0.05751395225524902
1355,59.2,0.7,0.53,12,38,7,0.06826541662216187
1356,59.2,0.7,0.54,12,38,7,0.06826541662216187
1357,59.2,0.7,0.54,12,38,7,0.06826541662216187
1358,59.2,0.7,0.54,12,38,7,0.06826541662216187
1359,59.3,0.7,0.54,12,38,7,0.06826541662216187
1360,59.3,0.7,0.54,12,38,7,0.059702527523040776
1361,59.3,0.69,0.54,12,38,7,0.059702527523040776
1362,59.4,0.7,0.54,12,38,7,0.059702527523040776
1363,59.5,0.69,0.54,12,38,7,0.059702527523040776
1364,59.6,0.7,0.54,12,38,7,0.059702527523040776
1365,59.7,0.7,0.53,12,38,7,0.05909291744232178
1366,59.7,0.69,0.54,12,38,7,0.05909291744232178
1367,59.8,0.7,0.53,12,38,7,0.05909291744232178
1368,59.9,0.69,0.53,12,38,7,0.05909291744232178
1369,60,0.69,0.54,12,38,7,0.05909291744232178
1370,60.1,0.69,0.53,12,38,7,0.06252182960510254
1371,60.2,0.69,0.54,12,38,7,0.06252182960510254
1372,60.4,0.69,0.53,12,38,7,0.06252182960510254
1373,60.5,0.69,0.53,12,38,7,0.06252182960510254
1374,60.6,0.69,0.53,12,38,7,0.06252182960510254
1375,60.7,0.69,0.52,12,38,7,0.056838190555572515
1376,60.9,0.69,0.52,12,38,7,0.056838190555572515
1377,60.9,0.69,0.53,12,38,7,0.056838190555572515
1378,60.9,0.69,0.52,12,38,7,0.056838190555572515
1379,60.9,0.69,0.53,12,38,7,0.056838190555572515
1380,61,0.69,0.52,12,38,7,0.06691834926605225
1381,61,0.69,0.52,12,38,7,0.06691834926605225
1382,61,0.69,0.53,12,38,7,0.06691834926605225
1383,61,0.69,0.53,12,38,7,0.06691834926605225
1384,61,0.68,0.53,12,38,7,0.06691834926605225
1385,61,0.69,0.53,12,38,7,0.06598234713077546
1386,61,0.69,0.52,12,38,7,0.06598234713077546
1387,61,0.69,0.54,12,38,7,0.06598234713077546
1388,61,0.69,0.55,12,38,7,0.06598234713077546
1389,61,0.69,0.54,12,38,7,0.06598234713077546
1390,61,0.7,0.53,12,38,7,0.059678905010223396
1391,61,0.69,0.53,12,38,7,0.059678905010223396
1392,61,0.69,0.53,12,38,7,0.059678905010223396
1393,61,0.69,0.54,12,38,7,0.059678905010223396
1394,61,0.69,0.54,12,38,7,0.059678905010223396
1395,61,0.69,0.54,12,38,7,0.05349690675735474
1396,61,0.69,0.54,12,38,7,0.05349690675735474
1397,60.9,0.69,0.53,12,38,7,0.05349690675735474
1398,60.8,0.69,0.53,12,38,7,0.05349690675735474
1399,60.7,0.69,0.54,12,38,7,0.05349690675735474
1400,60.5,0.69,0.54,12,38,7,0.06540797710418701
1401,60.4,0.69,0.52,12,38,7,0.06540797710418701
1402,65.7,0.68,0.52,11,39,7,0.06540797710418701
1403,65.6,0.68,0.52,11,39,7,0.06540797710418701
1404,65.5,0.68,0.51,11,39,7,0.06540797710418701
1405,65.4,0.68,0.51,11,39,7,0.0529714298248291
1406,65.2,0.68,0.52,11,39,7,0.0529714298248291
1407,65.1,0.68,0.52,11,39,7,0.0529714298248291
1408,65,0.69,0.5,11,39,7,0.0529714298248291
1409,64.9,0.69,0.5,11,39,7,0.0529714298248291
1410,64.7,0.69,0.5,11,39,7,0.05613156080245972
1411,64.6,0.68,0.5,11,39,7,0.05613156080245972
1412,64.5,0.69,0.5,11,39,7,0.05613156080245972
1413,64.3,0.7,0.5,11,39,7,0.05613156080245972
1414,64.2,0.7,0.49,11,39,7,0.05613156080245972
1415,64.1,0.71,0.47,11,39,7,0.05055026531219483
1416,64,0.7,0.48,11,39,7,0.05055026531219483
1417,63.8,0.71,0.47,11,39,7,0.05055026531219483
1418,63.7,0.71,0.46,11,39,7,0.05055026531219483
1419,63.6,0.71,0.46,11,39,7,0.05055026531219483
1420,63.4,0.7,0.48,11,39,7,0.050815666243433956
1421,63.3,0.71,0.46,11,39,7,0.050815666243433956
1422,63.2,0.7,0.47,11,39,7,0.050815666243433956
1423,63,0.71,0.47,11,39,7,0.050815666243433956
1424,62.9,0.71,0.46,11,39,7,0.050815666243433956
1425,62.8,0.71,0.45,11,39,7,0.0569953727722168
1426,62.7,0.7,0.47,11,39,7,0.0569953727722168
1427,62.5,0.7,0.46,11,39,7,0.0569953727722168
1428,62.4,0.7,0.46,11,39,7,0.0569953727722168
1429,62.3,0.71,0.45,11,39,7,0.0569953727722168
1430,62.1,0.71,0.46,11,39,7,0.05079614162445069
1431,62.1,0.7,0.46,11,39,7,0.05079614162445069
1432,62,0.7,0.46,11,39,7,0.05079614162445069
1433,62,0.7,0.46,11,39,7,0.05079614162445069
1434,62,0.71,0.45,11,39,7,0.05079614162445069
1435,61.9,0.7,0.45,11,39,7,0.05101660251617432
1436,61.8,0.7,0.45,11,39,7,0.05101660251617432
1437,61.6,0.7,0.45,11,39,7,0.05101660251617432
1438,61.5,0.7,0.44,11,39,7,0.05101660251617432
1439,61.4,0.7,0.46,11,39,7,0.05101660251617432
1440,61.2,0.7,0.45,11,39,7,0.06989866256713867
1441,61.1,0.7,0.45,11,39,7,0.06989866256713867
1442,61,0.7,0.45,11,39,7,0.06989866256713867
1443,60.9,0.7,0.44,11,39,7,0.06989866256713867
1444,60.7,0.7,0.44,11,39,7,0.06989866256713867
1445,60.6,0.7,0.44,11,39,7,0.0542427134513855
1446,60.5,0.7,0.43,11,39,7,0.0542427134513855
1447,60.3,0.7,0.44,11,39,7,0.0542427134513855
1448,60.2,0.7,0.43,11,39,7,0.0542427134513855
1449,60.1,0.7,0.43,11,39,7,0.0542427134513855
1450,60,0.7,0.44,11,39,7,0.061640727519989016
1451,59.8,0.7,0.44,11,39,7,0.061640727519989016
1452,59.7,0.69,0.44,11,39,7,0.061640727519989016
1453,59.6,0.69,0.44,11,39,7,0.061640727519989016
1454,59.4,0.7,0.44,11,39,7,0.061640727519989016
1455,59.3,0.69,0.44,11,39,7,0.05463927030563355
1456,59.1,0.7,0.43,11,39,7,0.05463927030563355
1457,59,0.69,0.43,11,39,7,0.05463927030563355
1458,58.9,0.69,0.43,11,39,7,0.05463927030563355
1459,58.7,0.69,0.44,11,39,7,0.05463927030563355
1460,58.6,0.69,0.44,11,39,7,0.059130323529243474
1461,58.5,0.69,0.44,11,39,7,0.059130323529243474
1462,58.3,0.68,0.44,11,39,7,0.059130323529243474
1463,58.2,0.69,0.43,11,39,7,0.059130323529243474
1464,58,0.69,0.42,11,39,7,0.059130323529243474
1465,57.9,0.68,0.44,11,39,7,0.05558226943016052
1466,57.8,0.68,0.43,11,39,7,0.05558226943016052
1467,57.6,0.68,0.44,11,39,7,0.05558226943016052
1468,57.5,0.68,0.43,11,39,7,0.05558226943016052
1469,57.4,0.69,0.42,11,39,7,0.05558226943016052
1470,57.2,0.68,0.43,11,39,7,0.06489421844482422
1471,57.1,0.68,0.43,11,39,7,0.06489421844482422
1472,56.9,0.68,0.43,11,39,7,0.06489421844482422
1473,56.8,0.68,0.43,11,39,7,0.06489421844482422
1474,56.7,0.68,0.42,11,39,7,0.06489421844482422
1475,56.5,0.68,0.42,11,39,7,0.06308250427246094
1476,56.4,0.68,0.43,11,39,7,0.06308250427246094
1477,56.3,0.68,0.42,11,39,7,0.06308250427246094
1478,56.1,0.68,0.41,11,39,7,0.06308250427246094
1479,56,0.68,0.42,11,39,7,0.06308250427246094
1480,55.8,0.68,0.42,11,39,7,0.05386071741580963
1481,55.7,0.68,0.41,11,39,7,0.05386071741580963
1482,55.6,0.68,0.42,11,39,7,0.05386071741580963
1483,55.4,0.68,0.42,11,39,7,0.05386071741580963
1484,55.3,0.67,0.42,11,39,7,0.05386071741580963
1485,55.1,0.67,0.42,11,39,7,0.06208511590957642
1486,55,0.68,0.41,11,39,7,0.06208511590957642
1487,54.9,0.67,0.41,11,39,7,0.06208511590957642
1488,54.7,0.67,0.42,11,39,7,0.06208511590957642
1489,54.6,0.68,0.4,11,39,7,0.06208511590957642
1490,54.4,0.67,0.42,11,39,7,0.06964391112327575
1491,54.3,0.67,0.42,11,39,7,0.06964391112327575
1492,54.1,0.67,0.41,11,39,7,0.06964391112327575
1493,54,0.67,0.41,11,39,7,0.06964391112327575
1494,53.9,0.67,0.41,11,39,7,0.06964391112327575
1495,53.7,0.67,0.4,11,39,7,0.058780550956726074
1496,53.6,0.67,0.41,11,39,7,0.058780550956726074
1497,53.4,0.67,0.4,11,39,7,0.058780550956726074
1498,53.3,0.67,0.4,11,39,7,0.058780550956726074
1499,53.2,0.67,0.4,11,39,7,0.058780550956726074
1500,53,0.67,0.41,11,39,7,0.06948253452777862
1501,52.9,0.67,0.4,11,39,7,0.06948253452777862
1502,52.8,0.67,0.4,11,39,7,0.06948253452777862
1503,52.6,0.67,0.4,11,39,7,0.06948253452777862
1504,52.5,0.67,0.4,11,39,7,0.06948253452777862
1505,52.6,0.67,0.4,11,39,7,0.05051674842834473
1506,52.7,0.67,0.4,11,39,7,0.05051674842834473
1507,52.7,0.67,0.4,11,39,7,0.05051674842834473
1508,52.8,0.66,0.41,11,39,7,0.05051674842834473
1509,52.9,0.67,0.4,11,39,7,0.05051674842834473
1510,53,0.67,0.4,11,39,7,0.06659718275070191
1511,53,0.66,0.4,11,39,7,0.06659718275070191
1512,52.8,0.67,0.39,11,39,7,0.06659718275070191
1513,52.7,0.66,0.4,11,39,7,0.06659718275070191
1514,52.6,0.67,0.39,11,39,7,0.06659718275070191
1515,52.4,0.66,0.4,11,39,7,0.0566248893737793
1516,52.3,0.66,0.39,11,39,7,0.0566248893737793
1517,52.1,0.66,0.4,11,39,7,0.0566248893737793
1518,52,0.66,0.39,11,39,7,0.0566248893737793
1519,51.8,0.66,0.4,11,39,7,0.0566248893737793
1520,51.7,0.66,0.39,11,39,7,0.06837491273880006
1521,51.6,0.66,0.4,11,39,7,0.06837491273880006
1522,51.4,0.66,0.39,11,39,7,0.06837491273880006
1523,51.3,0.66,0.39,11,39,7,0.06837491273880006
1524,51.1,0.66,0.39,11,39,7,0.06837491273880006
1525,51,0.65,0.39,11,39,7,0.06055908203125
1526,50.8,0.65,0.39,11,39,7,0.06055908203125
1527,50.7,0.66,0.38,11,39,7,0.06055908203125
1528,50.6,0.65,0.39,11,39,7,0.06055908203125
1529,50.4,0.65,0.39,11,39,7,0.06055908203125
1530,50.3,0.65,0.39,11,39,7,0.06188097536563873
1531,50.1,0.65,0.39,11,39,7,0.06188097536563873
1532,50,0.66,0.38,11,39,7,0.06188097536563873
1533,49.9,0.65,0.38,11,39,7,0.06188097536563873
1534,49.7,0.65,0.39,11,39,7,0.06188097536563873
1535,49.6,0.65,0.38,11,39,7,0.0692858111858368
1536,49.5,0.65,0.38,11,39,7,0.0692858111858368
1537,49.3,0.65,0.38,11,39,7,0.0692858111858368
1538,49.2,0.66,0.37,11,39,7,0.0692858111858368
1539,49,0.65,0.38,11,39,7,0.0692858111858368
1540,48.9,0.65,0.38,11,39,7,0.0644172239303589
1541,48.8,0.66,0.37,11,39,7,0.0644172239303589
1542,48.6,0.65,0.38,11,39,7,0.0644172239303589
1543,48.5,0.65,0.37,11,39,7,0.0644172239303589
1544,48.3,0.65,0.38,11,39,7,0.0644172239303589
1545,48.2,0.65,0.37,11,39,7,0.061931900978088386
1546,48.1,0.65,0.36,11,39,7,0.061931900978088386
1547,47.9,0.65,0.38,11,39,7,0.061931900978088386
1548,47.8,0.65,0.37,11,39,7,0.061931900978088386
1549,47.6,0.65,0.37,11,39,7,0.061931900978088386
1550,47.5,0.65,0.37,11,39,7,0.05151958525180817
1551,47.4,0.64,0.37,11,39,7,0.05151958525180817
1552,47.2,0.65,0.36,11,39,7,0.05151958525180817
1553,47.1,0.65,0.36,11,39,7,0.05151958525180817
1554,46.9,0.64,0.37,11,39,7,0.05151958525180817
1555,46.8,0.64,0.37,11,39,7,0.05449134349822998
1556,46.7,0.64,0.38,11,39,7,0.05449134349822998
1557,46.5,0.65,0.37,11,39,7,0.05449134349822998
1558,46.4,0.65,0.37,11,39,7,0.05449134349822998
1559,46.2,0.65,0.36,11,39,7,0.05449134349822998
1560,46.1,0.65,0.38,11,39,7,0.06198241107165814
1561,46,0.65,0.37,11,39,7,0.06198241107165814
1562,45.8,0.65,0.37,11,39,7,0.06198241107165814
1563,45.7,0.65,0.36,11,39,7,0.06198241107165814
1564,45.5,0.65,0.37,11,39,7,0.06198241107165814
1565,45.4,0.65,0.36,11,39,7,0.05283803462982178
1566,45.2,0.65,0.37,11,39,7,0.05283803462982178
1567,45.1,0.65,0.36,11,39,7,0.05283803462982178
1568,45,0.65,0.36,11,39,7,0.05283803462982178
1569,44.8,0.65,0.36,11,39,7,0.05283803462982178
1570,44.7,0.65,0.35,11,39,7,0.05389914035797119
1571,44.5,0.65,0.36,11,39,7,0.05389914035797119
1572,44.4,0.65,0.35,11,39,7,0.05389914035797119
1573,44.2,0.65,0.35,11,39,7,0.05389914035797119
1574,44.1,0.65,0.36,11,39,7,0.05389914035797119
1575,44,0.65,0.35,11,39,7,0.05159770488739014
1576,43.8,0.65,0.35,11,39,7,0.05159770488739014
1577,43.7,0.65,0.36,11,39,7,0.05159770488739014
1578,43.5,0.64,0.36,11,39,7,0.05159770488739014
1579,43.4,0.64,0.36,11,39,7,0.05159770488739014
1580,43.2,0.65,0.34,11,39,7,0.06593759536743164
1581,43.1,0.65,0.34,11,39,7,0.06593759536743164
1582,43,0.64,0.35,11,39,7,0.06593759536743164
1583,42.8,0.65,0.34,11,39,7,0.06593759536743164
1584,42.7,0.65,0.34,11,39,7,0.06593759536743164
1585,42.5,0.65,0.34,11,39,7,0.05049598693847657
1586,42.4,0.64,0.35,11,39,7,0.05049598693847657
1587,42.3,0.65,0.34,11,39,7,0.05049598693847657
1588,42.1,0.65,0.34,11,39,7,0.05049598693847657
1589,42,0.65,0.34,11,39,7,0.05049598693847657
1590,41.8,0.65,0.34,11,39,7,0.05990437030792237
1591,41.7,0.64,0.35,11,39,7,0.05990437030792237
1592,41.6,0.64,0.34,11,39,7,0.05990437030792237
1593,41.4,0.64,0.35,11,39,7,0.05990437030792237
1594,41.3,0.64,0.35,11,39,7,0.05990437030792237
1595,41.2,0.64,0.34,11,39,7,0.061318962574005126
1596,41,0.64,0.35,11,39,7,0.061318962574005126
1597,40.9,0.64,0.35,11,39,7,0.061318962574005126
1598,40.7,0.64,0.34,11,39,7,0.061318962574005126
1599,40.6,0.64,0.35,11,39,7,0.061318962574005126
1600,40.5,0.64,0.34,11,39,7,0.06811682522296905
1601,40.3,0.64,0.33,11,39,7,0.06811682522296905
1602,40.2,0.64,0.33,11,39,7,0.06811682522296905
1603,40,0.64,0.34,11,39,7,0.06811682522296905
1604,39.9,0.64,0.33,11,39,7,0.06811682522296905
1605,39.7,0.63,0.35,11,39,7,0.06317631781101227
1606,39.6,0.64,0.34,11,39,7,0.06317631781101227
1607,39.5,0.63,0.34,11,39,7,0.06317631781101227
1608,39.3,0.63,0.34,11,39,7,0.06317631781101227
1609,39.2,0.63,0.34,11,39,7,0.06317631781101227
1610,39,0.63,0.34,11,39,7,0.06194289684295655
1611,38.9,0.64,0.33,11,39,7,0.06194289684295655
1612,38.8,0.63,0.34,11,39,7,0.06194289684295655
1613,38.6,0.63,0.34,11,39,7,0.06194289684295655
1614,38.5,0.63,0.33,11,39,7,0.06194289684295655
1615,38.3,0.63,0.33,11,39,7,0.05516310214996338
1616,38.2,0.63,0.33,11,39,7,0.05516310214996338
1617,38,0.63,0.34,11,39,7,0.05516310214996338
1618,37.9,0.63,0.33,11,39,7,0.05516310214996338
1619,37.8,0.63,0.34,11,39,7,0.05516310214996338
1620,37.6,0.63,0.33,11,39,7,0.06432655572891235
1621,37.5,0.63,0.33,11,39,7,0.06432655572891235
1622,37.3,0.63,0.33,11,39,7,0.06432655572891235
1623,37.2,0.63,0.33,11,39,7,0.06432655572891235
1624,37.1,0.63,0.33,11,39,7,0.06432655572891235
1625,36.9,0.63,0.33,11,39,7,0.06565566539764404
1626,36.8,0.63,0.34,11,39,7,0.06565566539764404
1627,36.6,0.63,0.33,11,39,7,0.06565566539764404
1628,36.5,0.63,0.34,11,39,7,0.06565566539764404
1629,36.3,0.63,0.33,11,39,7,0.06565566539764404
1630,36.2,0.63,0.33,11,39,7,0.062110044956207276
1631,36.1,0.62,0.34,11,39,7,0.062110044956207276
1632,35.9,0.63,0.32,11,39,7,0.062110044956207276
1633,35.8,0.62,0.33,11,39,7,0.062110044956207276
1634,35.6,0.63,0.33,11,39,7,0.062110044956207276
1635,35.5,0.63,0.32,11,39,7,0.05473633766174317
1636,35.4,0.63,0.33,11,39,7,0.05473633766174317
1637,35.2,0.63,0.32,11,39,7,0.05473633766174317
1638,35.1,0.63,0.33,11,39,7,0.05473633766174317
1639,34.9,0.63,0.33,11,39,7,0.05473633766174317
1640,34.8,0.63,0.32,11,39,7,0.05307140827178956
1641,34.7,0.63,0.33,11,39,7,0.05307140827178956
1642,34.5,0.63,0.32,11,39,7,0.05307140827178956
1643,34.4,0.63,0.32,11,39,7,0.05307140827178956
1644,34.2,0.62,0.33,11,39,7,0.05307140827178956
1645,34.1,0.63,0.32,11,39,7,0.06884602308273316
1646,34,0.62,0.33,11,39,7,0.06884602308273316
1647,33.8,0.62,0.33,11,39,7,0.06884602308273316
1648,33.7,0.63,0.32,11,39,7,0.06884602308273316
1649,33.5,0.62,0.33,11,39,7,0.06884602308273316
1650,33.4,0.62,0.33,11,39,7,0.06072486460208893
1651,33.2,0.62,0.33,11,39,7,0.06072486460208893
1652,33.1,0.62,0.32,11,39,7,0.06072486460208893
1653,33,0.62,0.32,11,39,7,0.06072486460208893
1654,32.8,0.62,0.32,11,39,7,0.06072486460208893
1655,32.7,0.62,0.31,11,39,7,0.05260587930679322
1656,35.8,0.67,0.39,10,40,7,0.05260587930679322
1657,35.7,0.67,0.39,10,40,7,0.05260587930679322
1658,35.5,0.67,0.39,10,40,7,0.05260587930679322
1659,35.4,0.67,0.38,10,40,7,0.05260587930679322
1660,35.2,0.67,0.39,10,40,7,0.055452411174774174
1661,35.1,0.67,0.38,10,40,7,0.055452411174774174
1662,35.1,0.67,0.38,10,40,7,0.055452411174774174
1663,35.1,0.67,0.38,10,40,7,0.055452411174774174
1664,35.1,0.67,0.39,10,40,7,0.055452411174774174
1665,35.1,0.67,0.37,10,40,7,0.06865063190460205
1666,35.2,0.67,0.38,10,40,7,0.06865063190460205
1667,35.2,0.67,0.37,10,40,7,0.06865063190460205
1668,35.2,0.67,0.38,10,40,7,0.06865063190460205
1669,35.2,0.67,0.37,10,40,7,0.06865063190460205
1670,35.2,0.67,0.36,10,40,7,0.053914933204650885
1671,35.2,0.67,0.37,10,40,7,0.053914933204650885
1672,35.2,0.67,0.38,10,40,7,0.053914933204650885
1673,35.3,0.67,0.37,10,40,7,0.053914933204650885
1674,35.4,0.67,0.38,10,40,7,0.053914933204650885
1675,35.5,0.67,0.37,10,40,7,0.06274049282073975
1676,35.6,0.67,0.36,10,40,7,0.06274049282073975
1677,35.7,0.67,0.37,10,40,7,0.06274049282073975
1678,35.8,0.67,0.37,10,40,7,0.06274049282073975
1679,35.9,0.67,0.37,10,40,7,0.06274049282073975
1680,36,0.66,0.37,10,40,7,0.06670774221420289
1681,36.1,0.67,0.36,10,40,7,0.06670774221420289
1682,36.2,0.67,0.37,10,40,7,0.06670774221420289
1683,36.3,0.66,0.38,10,40,7,0.06670774221420289
1684,36.4,0.66,0.37,10,40,7,0.06670774221420289
1685,36.5,0.66,0.37,10,40,7,0.06911490440368653
1686,36.6,0.66,0.37,10,40,7,0.06911490440368653
1687,36.7,0.66,0.37,10,40,7,0.06911490440368653
1688,36.7,0.66,0.38,10,40,7,0.06911490440368653
1689,36.8,0.66,0.38,10,40,7,0.06911490440368653
1690,36.8,0.65,0.38,10,40,7,0.06519742727279663
1691,36.8,0.65,0.38,10,40,7,0.06519742727279663
1692,36.7,0.66,0.37,10,40,7,0.06519742727279663
1693,36.7,0.66,0.37,10,40,7,0.06519742727279663
1694,36.6,0.65,0.37,10,40,7,0.06519742727279663
1695,36.6,0.66,0.37,10,40,7,0.05586541891098023
1696,36.5,0.65,0.38,10,40,7,0.05586541891098023
1697,36.5,0.65,0.38,10,40,7,0.05586541891098023
1698,36.3,0.65,0.38,10,40,7,0.05586541891098023
1699,36.2,0.65,0.38,10,40,7,0.05586541891098023
1700,36.1,0.65,0.37,10,40,7,0.051659646034240725
1701,35.9,0.64,0.39,10,40,7,0.051659646034240725
1702,35.8,0.65,0.38,10,40,7,0.051659646034240725
1703,35.7,0.64,0.38,10,40,7,0.051659646034240725
1704,35.6,0.65,0.37,10,40,7,0.051659646034240725
1705,35.4,0.65,0.37,10,40,7,0.06461296796798706
1706,35.3,0.65,0.4,10,40,7,0.06461296796798706
1707,35.2,0.64,0.41,10,40,7,0.06461296796798706
1708,35,0.64,0.4,10,40,7,0.06461296796798706
1709,34.9,0.65,0.4,10,40,7,0.06461296796798706
1710,34.8,0.64,0.4,10,40,7,0.06086604356765747
1711,34.7,0.64,0.42,10,40,7,0.06086604356765747
1712,34.5,0.64,0.4,10,40,7,0.06086604356765747
1713,34.4,0.64,0.42,10,40,7,0.06086604356765747
1714,34.3,0.64,0.41,10,40,7,0.06086604356765747
1715,34.1,0.64,0.42,10,40,7,0.05557252943515778
1716,34,0.64,0.41,10,40,7,0.05557252943515778
1717,33.9,0.63,0.42,10,40,7,0.05557252943515778
1718,37.5,0.65,0.4,9,41,7,0.05557252943515778
1719,42.1,0.73,0.65,8,42,7,0.05557252943515778
1720,42,0.74,0.63,8,42,7,0.05380813598632813
1721,41.8,0.74,0.64,8,42,7,0.05380813598632813
1722,41.7,0.74,0.67,8,42,7,0.05380813598632813
1723,41.8,0.74,0.67,8,42,7,0.05380813598632813
1724,41.8,0.74,0.68,8,42,7,0.05380813598632813
1725,41.9,0.74,0.68,8,42,7,0.05540593147277832
1726,41.9,0.74,0.67,8,42,7,0.05540593147277832
1727,41.8,0.73,0.69,8,42,7,0.05540593147277832
1728,41.7,0.74,0.67,8,42,7,0.05540593147277832
1729,41.6,0.73,0.7,8,42,7,0.05540593147277832
1730,41.5,0.73,0.69,8,42,7,0.056668498516082765
1731,41.4,0.74,0.68,8,42,7,0.056668498516082765
1732,41.3,0.73,0.69,8,42,7,0.056668498516082765
1733,41.1,0.73,0.68,8,42,7,0.056668498516082765
1734,41,0.74,0.68,8,42,7,0.056668498516082765
1735,40.9,0.74,0.67,8,42,7,0.06770524978637696
1736,40.8,0.73,0.68,8,42,7,0.06770524978637696
1737,40.7,0.73,0.68,8,42,7,0.06770524978637696
1738,40.5,0.73,0.68,8,42,7,0.06770524978637696
1739,40.4,0.73,0.67,8,42,7,0.06770524978637696
1740,40.3,0.74,0.67,8,42,7,0.06661358594894409
1741,40.2,0.73,0.7,8,42,7,0.06661358594894409
1742,40,0.73,0.69,8,42,7,0.06661358594894409
1743,39.9,0.73,0.7,8,42,7,0.06661358594894409
1744,39.8,0.73,0.69,8,42,7,0.06661358594894409
1745,39.7,0.73,0.67,8,42,7,0.05041227817535401
1746,39.5,0.73,0.67,8,42,7,0.05041227817535401
1747,39.4,0.73,0.68,8,42,7,0.05041227817535401
1748,39.3,0.73,0.67,8,42,7,0.05041227817535401
1749,39.2,0.72,0.69,8,42,7,0.05041227817535401
1750,39,0.72,0.68,8,42,7,0.059780330657958985
1751,38.9,0.72,0.69,8,42,7,0.059780330657958985
1752,38.8,0.72,0.69,8,42,7,0.059780330657958985
1753,38.6,0.72,0.69,8,42,7,0.059780330657958985
1754,38.5,0.72,0.66,8,42,7,0.059780330657958985
1755,38.4,0.72,0.66,8,42,7,0.05813332796096802
1756,38.3,0.72,0.67,8,42,7,0.05813332796096802
1757,38.3,0.72,0.66,8,42,7,0.05813332796096802
1758,38.2,0.72,0.66,8,42,7,0.05813332796096802
1759,38.2,0.71,0.69,8,42,7,0.05813332796096802
1760,38.2,0.72,0.67,8,42,7,0.05129685878753663
1761,38.1,0.71,0.68,8,42,7,0.05129685878753663
1762,38,0.72,0.66,8,42,7,0.05129685878753663
1763,37.9,0.71,0.68,8,42,7,0.05129685878753663
1764,37.7,0.71,0.68,8,42,7,0.05129685878753663
1765,37.6,0.71,0.67,8,42,7,0.051931493282318116
1766,37.4,0.71,0.68,8,42,7,0.051931493282318116
1767,37.4,0.71,0.68,8,42,7,0.051931493282318116
1768,42.8,0.72,0.65,7,43,7,0.051931493282318116
1769,42.8,0.72,0.67,7,43,7,0.051931493282318116
1770,43,0.72,0.65,7,43,7,0.06255147457122803
1771,43.2,0.72,0.65,7,43,7,0.06255147457122803
1772,43.3,0.71,0.68,7,43,7,0.06255147457122803
1773,43.3,0.71,0.68,7,43,7,0.06255147457122803
1774,43.4,0.72,0.66,7,43,7,0.06255147457122803
1775,43.3,0.71,0.67,7,43,7,0.06070693969726563
1776,43.2,0.72,0.65,7,43,7,0.06070693969726563
1777,43,0.72,0.65,7,43,7,0.06070693969726563
1778,42.9,0.71,0.68,7,43,7,0.06070693969726563
1779,42.8,0.71,0.66,7,43,7,0.06070693969726563
1780,42.8,0.71,0.65,7,43,7,0.06067389488220215
1781,42.8,0.72,0.65,7,43,7,0.06067389488220215
1782,42.8,0.71,0.65,7,43,7,0.06067389488220215
1783,42.8,0.71,0.67,7,43,7,0.06067389488220215
1784,42.8,0.7,0.68,7,43,7,0.06067389488220215
1785,42.8,0.71,0.64,7,43,7,0.06696728467941285
1786,42.8,0.71,0.65,7,43,7,0.06696728467941285
1787,42.7,0.71,0.65,7,43,7,0.06696728467941285
1788,42.6,0.71,0.66,7,43,7,0.06696728467941285
1789,42.5,0.72,0.63,7,43,7,0.06696728467941285
1790,42.4,0.72,0.62,7,43,7,0.05069883108139038
1791,42.3,0.72,0.63,7,43,7,0.05069883108139038
1792,42.2,0.72,0.61,7,43,7,0.05069883108139038
1793,42,0.72,0.62,7,43,7,0.05069883108139038
1794,41.9,0.72,0.63,7,43,7,0.05069883108139038
1795,41.8,0.72,0.62,7,43,7,0.055490615367889407
1796,41.7,0.71,0.64,7,43,7,0.055490615367889407
1797,41.6,0.72,0.61,7,43,7,0.055490615367889407
1798,41.5,0.72,0.61,7,43,7,0.055490615367889407
1799,41.4,0.72,0.61,7,43,7,0.055490615367889407
1800,41.3,0.72,0.63,7,43,7,0.06815433502197266
1801,41.2,0.72,0.63,7,43,7,0.06815433502197266
1802,41.1,0.73,0.64,7,43,7,0.06815433502197266
1803,41,0.73,0.65,7,43,7,0.06815433502197266
1804,40.8,0.72,0.69,7,43,7,0.06815433502197266
1805,40.7,0.72,0.69,7,43,7,0.06203465811908245
1806,40.6,0.73,0.67,7,43,7,0.06203465811908245
1807,40.6,0.73,0.66,7,43,7,0.06203465811908245
1808,40.7,0.73,0.65,7,43,7,0.06203465811908245
1809,40.8,0.73,0.67,7,43,7,0.06203465811908245
1810,40.9,0.73,0.67,7,43,7,0.06539041042327881
1811,41,0.72,0.68,7,43,7,0.06539041042327881
1812,41.1,0.72,0.66,7,43,7,0.06539041042327881
1813,41.1,0.72,0.66,7,43,7,0.06539041042327881
1814,41.2,0.73,0.65,7,43,7,0.06539041042327881
1815,41.3,0.73,0.66,7,43,7,0.05186203956604004
1816,41.4,0.73,0.66,7,43,7,0.05186203956604004
1817,41.5,0.72,0.66,7,43,7,0.05186203956604004
1818,41.5,0.73,0.66,7,43,7,0.05186203956604004
1819,41.6,0.72,0.67,7,43,7,0.05186203956604004
1820,41.8,0.72,0.65,7,43,7,0.06597194194793701
1821,42,0.72,0.66,7,43,7,0.06597194194793701
1822,42.2,0.72,0.66,7,43,7,0.06597194194793701
1823,42.4,0.72,0.65,7,43,7,0.06597194194793701
1824,42.6,0.71,0.68,7,43,7,0.06597194194793701
1825,43,0.72,0.66,7,43,7,0.05239318132400513
1826,43.4,0.72,0.66,7,43,7,0.05239318132400513
1827,43.8,0.72,0.67,7,43,7,0.05239318132400513
1828,44.2,0.72,0.66,7,43,7,0.05239318132400513
1829,44.6,0.71,0.69,7,43,7,0.05239318132400513
1830,45,0.71,0.67,7,43,7,0.06769560813903809
1831,45.3,0.71,0.69,7,43,7,0.06769560813903809
1832,45.5,0.71,0.68,7,43,7,0.06769560813903809
1833,45.8,0.71,0.67,7,43,7,0.06769560813903809
1834,46,0.71,0.68,7,43,7,0.06769560813903809
1835,54.1,0.73,0.69,6,44,7,0.05384709477424622
1836,54.1,0.73,0.68,6,44,7,0.05384709477424622
1837,54.2,0.74,0.65,6,44,7,0.05384709477424622
1838,54.3,0.73,0.68,6,44,7,0.05384709477424622
1839,54.4,0.73,0.66,6,44,7,0.05384709477424622
1840,54.5,0.73,0.67,6,44,7,0.0669142484664917
1841,54.6,0.72,0.68,6,44,7,0.0669142484664917
1842,54.7,0.73,0.65,6,44,7,0.0669142484664917
1843,54.8,0.73,0.68,6,44,7,0.0669142484664917
1844,54.9,0.73,0.67,6,44,7,0.0669142484664917
1845,55,0.72,0.69,6,44,7,0.0654776006937027
1846,55.1,0.72,0.68,6,44,7,0.0654776006937027
1847,55.2,0.73,0.68,6,44,7,0.0654776006937027
1848,55.3,0.72,0.68,6,44,7,0.0654776006937027
1849,55.4,0.73,0.65,6,44,7,0.0654776006937027
1850,55.5,0.72,0.67,6,44,7,0.05227389097213746
1851,55.6,0.72,0.68,6,44,7,0.05227389097213746
1852,55.7,0.72,0.67,6,44,7,0.05227389097213746
1853,55.8,0.72,0.69,6,44,7,0.05227389097213746
1854,55.9,0.72,0.69,6,44,7,0.05227389097213746
1855,56,0.72,0.67,6,44,7,0.0690468454360962
1856,56.1,0.72,0.68,6,44,7,0.0690468454360962
1857,56.2,0.72,0.69,6,44,7,0.0690468454360962
1858,67.6,0.75,0.68,5,45,7,0.0690468454360962
1859,67.7,0.75,0.68,5,45,7,0.0690468454360962
1860,67.9,0.74,0.69,5,45,7,0.06435731947422028
1861,68,0.75,0.65,5,45,7,0.06435731947422028
1862,68.1,0.75,0.67,5,45,7,0.06435731947422028
1863,68.3,0.74,0.67,5,45,7,0.06435731947422028
1864,68.4,0.74,0.69,5,45,7,0.06435731947422028
1865,68.6,0.74,0.68,5,45,7,0.05442089557647706
1866,68.7,0.74,0.68,5,45,7,0.05442089557647706
1867,68.9,0.74,0.68,5,45,7,0.05442089557647706
1868,69,0.73,0.69,5,45,7,0.05442089557647706
1869,68.9,0.73,0.69,5,45,7,0.05442089557647706
1870,68.8,0.74,0.66,5,45,7,0.0627659511566162
1871,68.6,0.75,0.65,5,45,7,0.0627659511566162
1872,68.5,0.74,0.66,5,45,7,0.0627659511566162
1873,68.4,0.74,0.67,5,45,7,0.0627659511566162
1874,68.2,0.74,0.66,5,45,7,0.0627659511566162
1875,68.1,0.73,0.67,5,45,7,0.06267500877380372
1876,68,0.74,0.66,5,45,7,0.06267500877380372
1877,67.8,0.74,0.65,5,45,7,0.06267500877380372
1878,67.7,0.74,0.65,5,45,7,0.06267500877380372
1879,67.6,0.73,0.66,5,45,7,0.06267500877380372
1880,67.4,0.73,0.67,5,45,7,0.054561605453491216
1881,67.3,0.74,0.63,5,45,7,0.054561605453491216
1882,67.2,0.74,0.63,5,45,7,0.054561605453491216
1883,67,0.73,0.67,5,45,7,0.054561605453491216
1884,66.9,0.73,0.65,5,45,7,0.054561605453491216
1885,66.9,0.72,0.68,5,45,7,0.06966680586338043
1886,66.9,0.73,0.65,5,45,7,0.06966680586338043
1887,67,0.72,0.67,5,45,7,0.06966680586338043
1888,67,0.72,0.67,5,45,7,0.06966680586338043
1889,67,0.72,0.66,5,45,7,0.06966680586338043
1890,67.1,0.72,0.67,5,45,7,0.05808115899562836
1891,67.1,0.72,0.66,5,45,7,0.05808115899562836
1892,67.1,0.72,0.65,5,45,7,0.05808115899562836
1893,67.2,0.71,0.68,5,45,7,0.05808115899562836
1894,67.2,0.72,0.66,5,45,7,0.05808115899562836
1895,67.3,0.72,0.65,5,45,7,0.05832627534866333
1896,67.3,0.71,0.67,5,45,7,0.05832627534866333
1897,67.4,0.71,0.67,5,45,7,0.05832627534866333
1898,67.4,0.71,0.66,5,45,7,0.05832627534866333
1899,67.3,0.71,0.66,5,45,7,0.05832627534866333
1900,67.1,0.71,0.66,5,45,7,0.06902285099029541
1901,67,0.72,0.64,5,45,7,0.06902285099029541
1902,66.9,0.72,0.64,5,45,7,0.06902285099029541
1903,66.7,0.72,0.62,5,45,7,0.06902285099029541
1904,66.6,0.71,0.66,5,45,7,0.06902285099029541
1905,66.5,0.72,0.63,5,45,7,0.06028246402740479
1906,66.3,0.71,0.64,5,45,7,0.06028246402740479
1907,66.2,0.72,0.63,5,45,7,0.06028246402740479
1908,66.1,0.71,0.65,5,45,7,0.06028246402740479
1909,65.9,0.71,0.62,5,45,7,0.06028246402740479
1910,65.8,0.71,0.65,5,45,7,0.06838509798049927
1911,65.6,0.71,0.63,5,45,7,0.06838509798049927
1912,65.5,0.7,0.65,5,45,7,0.06838509798049927
1913,65.4,0.7,0.63,5,45,7,0.06838509798049927
1914,65.2,0.7,0.66,5,45,7,0.06838509798049927
1915,65.1,0.7,0.64,5,45,7,0.05102287530899048
1916,65,0.7,0.65,5,45,7,0.05102287530899048
1917,64.8,0.7,0.66,5,45,7,0.05102287530899048
1918,64.7,0.7,0.66,5,45,7,0.05102287530899048
1919,64.6,0.71,0.62,5,45,7,0.05102287530899048
1920,64.4,0.69,0.65,5,45,7,0.06668381690979004
1921,64.3,0.7,0.63,5,45,7,0.06668381690979004
1922,64.1,0.71,0.6,5,45,7,0.06668381690979004
1923,64,0.69,0.64,5,45,7,0.06668381690979004
1924,63.9,0.7,0.62,5,45,7,0.06668381690979004
1925,63.7,0.7,0.62,5,45,7,0.052039549350738526
1926,63.6,0.69,0.63,5,45,7,0.052039549350738526
1927,63.5,0.69,0.64,5,45,7,0.052039549350738526
1928,63.3,0.7,0.62,5,45,7,0.052039549350738526
1929,63.2,0.69,0.63,5,45,7,0.052039549350738526
1930,63.1,0.7,0.61,5,45,7,0.061319370269775395
1931,62.9,0.7,0.61,5,45,7,0.061319370269775395
1932,62.8,0.69,0.64,5,45,7,0.061319370269775395
1933,62.7,0.68,0.65,5,45,7,0.061319370269775395
1934,62.5,0.69,0.65,5,45,7,0.061319370269775395
1935,62.4,0.69,0.62,5,45,7,0.05497614622116089
1936,62.2,0.69,0.63,5,45,7,0.05497614622116089
1937,62.1,0.7,0.62,5,45,7,0.05497614622116089
1938,62,0.7,0.62,5,45,7,0.05497614622116089
1939,61.8,0.7,0.62,5,45,7,0.05497614622116089
1940,61.7,0.7,0.62,5,45,7,0.06139322996139526
1941,61.6,0.69,0.66,5,45,7,0.06139322996139526
1942,61.4,0.7,0.63,5,45,7,0.06139322996139526
1943,61.3,0.7,0.61,5,45,7,0.06139322996139526
1944,61.2,0.69,0.65,5,45,7,0.06139322996139526
1945,61,0.69,0.66,5,45,7,0.06088474094867707
1946,60.9,0.69,0.65,5,45,7,0.06088474094867707
1947,60.8,0.68,0.67,5,45,7,0.06088474094867707
1948,60.7,0.68,0.67,5,45,7,0.06088474094867707
1949,60.5,0.69,0.66,5,45,7,0.06088474094867707
1950,60.4,0.69,0.66,5,45,7,0.06909071803092957
1951,60.3,0.69,0.63,5,45,7,0.06909071803092957
1952,60.1,0.69,0.65,5,45,7,0.06909071803092957
1953,60,0.69,0.62,5,45,7,0.06909071803092957
1954,59.9,0.68,0.67,5,45,7,0.06909071803092957
1955,59.8,0.69,0.64,5,45,7,0.06818084478378296
1956,59.6,0.68,0.66,5,45,7,0.06818084478378296
1957,59.5,0.68,0.66,5,45,7,0.06818084478378296
1958,59.5,0.68,0.66,5,45,7,0.06818084478378296
1959,59.5,0.69,0.62,5,45,7,0.06818084478378296
1960,59.5,0.69,0.64,5,45,7,0.05566786289215088
1961,59.5,0.68,0.65,5,45,7,0.05566786289215088
1962,59.5,0.68,0.65,5,45,7,0.05566786289215088
1963,59.6,0.68,0.65,5,45,7,0.05566786289215088
1964,59.6,0.68,0.65,5,45,7,0.05566786289215088
1965,59.8,0.68,0.65,5,45,7,0.056928486824035646
1966,60.1,0.69,0.63,5,45,7,0.056928486824035646
1967,60.4,0.68,0.66,5,45,7,0.056928486824035646
1968,60.6,0.69,0.61,5,45,7,0.056928486824035646
1969,60.9,0.68,0.62,5,45,7,0.056928486824035646
1970,61.1,0.68,0.63,5,45,7,0.05880146265029908
1971,61.2,0.68,0.63,5,45,7,0.05880146265029908
1972,61.4,0.68,0.64,5,45,7,0.05880146265029908
1973,61.5,0.68,0.61,5,45,7,0.05880146265029908
1974,61.6,0.67,0.64,5,45,7,0.05880146265029908
1975,61.7,0.67,0.66,5,45,7,0.06030435860157013
1976,61.8,0.67,0.64,5,45,7,0.06030435860157013
1977,62,0.68,0.62,5,45,7,0.06030435860157013
1978,62.1,0.68,0.61,5,45,7,0.06030435860157013
1979,62.2,0.67,0.62,5,45,7,0.06030435860157013
1980,62.3,0.67,0.65,5,45,7,0.054317741990089416
1981,62.4,0.67,0.63,5,45,7,0.054317741990089416
1982,62.5,0.66,0.65,5,45,7,0.054317741990089416
1983,62.7,0.67,0.61,5,45,7,0.054317741990089416
1984,62.8,0.66,0.65,5,45,7,0.054317741990089416
1985,62.7,0.67,0.63,5,45,7,0.05976399421691895
1986,62.6,0.67,0.63,5,45,7,0.05976399421691895
1987,62.5,0.67,0.61,5,45,7,0.05976399421691895
1988,62.4,0.67,0.61,5,45,7,0.05976399421691895
1989,62.3,0.66,0.65,5,45,7,0.05976399421691895
1990,62.2,0.67,0.6,5,45,7,0.05834911108016968
1991,62.1,0.67,0.6,5,45,7,0.05834911108016968
1992,62,0.66,0.63,5,45,7,0.05834911108016968
1993,61.9,0.65,0.65,5,45,7,0.05834911108016968
1994,61.8,0.65,0.64,5,45,7,0.05834911108016968
1995,61.7,0.67,0.59,5,45,7,0.06824267387390137
1996,61.6,0.66,0.62,5,45,7,0.06824267387390137
1997,61.5,0.65,0.63,5,45,7,0.06824267387390137
1998,61.3,0.66,0.6,5,45,7,0.06824267387390137
1999,61.2,0.66,0.6,5,45,7,0.06824267387390137
2000,61.1,0.66,0.61,5,45,7,0.05394732475280762
2001,61,0.65,0.64,5,45,7,0.05394732475280762
2002,60.9,0.65,0.64,5,45,7,0.05394732475280762
2003,60.8,0.65,0.63,5,45,7,0.05394732475280762
2004,60.7,0.65,0.61,5,45,7,0.05394732475280762
2005,60.6,0.66,0.59,5,45,7,0.05620691061019898
2006,60.5,0.64,0.63,5,45,7,0.05620691061019898
2007,60.4,0.65,0.62,5,45,7,0.05620691061019898
2008,60.3,0.64,0.62,5,45,7,0.05620691061019898
2009,60.2,0.65,0.58,5,45,7,0.05620691061019898
2010,60.1,0.65,0.6,5,45,7,0.05999001979827881
2011,60,0.64,0.62,5,45,7,0.05999001979827881
2012,59.9,0.64,0.62,5,45,7,0.05999001979827881
2013,59.8,0.65,0.59,5,45,7,0.05999001979827881
2014,59.7,0.64,0.61,5,45,7,0.05999001979827881
2015,59.6,0.64,0.61,5,45,7,0.06823480844497681
2016,59.5,0.64,0.61,5,45,7,0.06823480844497681
2017,59.4,0.64,0.61,5,45,7,0.06823480844497681
2018,59.3,0.63,0.62,5,45,7,0.06823480844497681
2019,59.2,0.64,0.61,5,45,7,0.06823480844497681
2020,59.1,0.64,0.59,5,45,7,0.06229034423828125
2021,59,0.64,0.59,5,45,7,0.06229034423828125
2022,58.9,0.64,0.59,5,45,7,0.06229034423828125
2023,58.8,0.63,0.63,5,45,7,0.06229034423828125
2024,58.7,0.63,0.62,5,45,7,0.06229034423828125
2025,58.5,0.63,0.62,5,45,7,0.053129629492759706
2026,58.4,0.64,0.58,5,45,7,0.053129629492759706
2027,58.3,0.63,0.61,5,45,7,0.053129629492759706
2028,58.3,0.63,0.6,5,45,7,0.053129629492759706
2029,58.2,0.64,0.57,5,45,7,0.053129629492759706
2030,58.1,0.63,0.59,5,45,7,0.05453115224838257
2031,58,0.62,0.61,5,45,7,0.05453115224838257
2032,57.9,0.64,0.56,5,45,7,0.05453115224838257
2033,57.8,0.62,0.61,5,45,7,0.05453115224838257
2034,57.7,0.62,0.62,5,45,7,0.05453115224838257
2035,57.6,0.63,0.58,5,45,7,0.05937077283859253
2036,57.5,0.62,0.61,5,45,7,0.05937077283859253
2037,57.4,0.62,0.6,5,45,7,0.05937077283859253
2038,57.3,0.62,0.59,5,45,7,0.05937077283859253
2039,57.2,0.63,0.56,5,45,7,0.05937077283859253
2040,57.1,0.62,0.59,5,45,7,0.06583126544952393
2041,57,0.62,0.58,5,45,7,0.06583126544952393
2042,56.9,0.63,0.58,5,45,7,0.06583126544952393
2043,56.8,0.65,0.54,5,45,7,0.06583126544952393
2044,56.7,0.65,0.54,5,45,7,0.06583126544952393
2045,56.6,0.65,0.54,5,45,7,0.059941533207893374
2046,56.5,0.66,0.5,5,45,7,0.059941533207893374
2047,56.4,0.65,0.53,5,45,7,0.059941533207893374
2048,56.3,0.65,0.52,5,45,7,0.059941533207893374
2049,56.1,0.65,0.52,5,45,7,0.059941533207893374
2050,56,0.66,0.5,5,45,7,0.0657379722595215
2051,55.9,0.65,0.52,5,45,7,0.0657379722595215
2052,55.8,0.66,0.5,5,45,7,0.0657379722595215
2053,55.7,0.66,0.49,5,45,7,0.0657379722595215
2054,55.6,0.65,0.51,5,45,7,0.0657379722595215
2055,55.5,0.65,0.51,5,45,7,0.06940142929553986
2056,55.4,0.65,0.51,5,45,7,0.06940142929553986
2057,55.3,0.66,0.49,5,45,7,0.06940142929553986
2058,55.2,0.66,0.48,5,45,7,0.06940142929553986
2059,55.1,0.66,0.49,5,45,7,0.06940142929553986
2060,55,0.65,0.49,5,45,7,0.05721580982208252
2061,54.9,0.65,0.51,5,45,7,0.05721580982208252
2062,54.8,0.65,0.49,5,45,7,0.05721580982208252
2063,54.7,0.65,0.49,5,45,7,0.05721580982208252
2064,54.5,0.65,0.49,5,45,7,0.05721580982208252
2065,54.4,0.66,0.46,5,45,7,0.05889013051986695
2066,54.3,0.65,0.49,5,45,7,0.05889013051986695
2067,54.8,0.66,0.46,5,45,7,0.05889013051986695
2068,55.2,0.65,0.47,5,45,7,0.05889013051986695
2069,55.7,0.65,0.46,5,45,7,0.05889013051986695
2070,56.1,0.64,0.48,5,45,7,0.059156641960144044
2071,56.6,0.65,0.46,5,45,7,0.059156641960144044
2072,57,0.65,0.48,5,45,7,0.059156641960144044
2073,57.5,0.64,0.48,5,45,7,0.059156641960144044
2074,57.9,0.64,0.49,5,45,7,0.059156641960144044
2075,58.3,0.65,0.47,5,45,7,0.063918936252594
2076,58.8,0.64,0.48,5,45,7,0.063918936252594
2077,59.2,0.65,0.46,5,45,7,0.063918936252594
2078,59.7,0.64,0.49,5,45,7,0.063918936252594
2079,60,0.65,0.46,5,45,7,0.063918936252594
2080,60.1,0.64,0.46,5,45,7,0.053009681701660157
2081,60.3,0.63,0.49,5,45,7,0.053009681701660157
2082,60.4,0.65,0.45,5,45,7,0.053009681701660157
2083,60.5,0.64,0.46,5,45,7,0.053009681701660157
2084,60.6,0.64,0.47,5,45,7,0.053009681701660157
2085,60.7,0.63,0.48,5,45,7,0.06147875308990479
2086,60.9,0.64,0.45,5,45,7,0.06147875308990479
2087,60.9,0.63,0.47,5,45,7,0.06147875308990479
2088,60.7,0.64,0.46,5,45,7,0.06147875308990479
2089,60.6,0.64,0.46,5,45,7,0.06147875308990479
2090,60.5,0.64,0.45,5,45,7,0.05744871854782105
2091,60.4,0.63,0.47,5,45,7,0.05744871854782105
2092,60.2,0.63,0.48,5,45,7,0.05744871854782105
2093,60.1,0.63,0.47,5,45,7,0.05744871854782105
2094,60,0.62,0.48,5,45,7,0.05744871854782105
2095,59.8,0.63,0.47,5,45,7,0.051153724193573
2096,59.7,0.64,0.44,5,45,7,0.051153724193573
2097,59.6,0.63,0.47,5,45,7,0.051153724193573
2098,59.5,0.63,0.47,5,45,7,0.051153724193573
2099,59.3,0.63,0.46,5,45,7,0.051153724193573
2100,59.2,0.62,0.49,5,45,7,0.060208800435066226
2101,59.1,0.63,0.46,5,45,7,0.060208800435066226
2102,58.9,0.62,0.48,5,45,7,0.060208800435066226
2103,58.8,0.62,0.48,5,45,7,0.060208800435066226
2104,58.7,0.62,0.48,5,45,7,0.060208800435066226
2105,58.5,0.63,0.46,5,45,7,0.06320161104202271
2106,58.4,0.63,0.44,5,45,7,0.06320161104202271
2107,58.3,0.62,0.47,5,45,7,0.06320161104202271
2108,58.1,0.62,0.47,5,45,7,0.06320161104202271
2109,58,0.63,0.45,5,45,7,0.06320161104202271
2110,57.9,0.62,0.47,5,45,7,0.05833604335784912
2111,57.8,0.63,0.44,5,45,7,0.05833604335784912
2112,57.6,0.62,0.47,5,45,7,0.05833604335784912
2113,57.5,0.63,0.45,5,45,7,0.05833604335784912
2114,57.4,0.62,0.47,5,45,7,0.05833604335784912
2115,57.2,0.62,0.47,5,45,7,0.054314250946044924
2116,57.1,0.62,0.45,5,45,7,0.054314250946044924
2117,57,0.62,0.46,5,45,7,0.054314250946044924
2118,56.8,0.62,0.47,5,45,7,0.054314250946044924
2119,56.7,0.62,0.47,5,45,7,0.054314250946044924
2120,56.6,0.62,0.45,5,45,7,0.06882706642150879
2121,56.4,0.62,0.46,5,45,7,0.06882706642150879
2122,56.5,0.62,0.47,5,45,7,0.06882706642150879
2123,56.6,0.61,0.48,5,45,7,0.06882706642150879
2124,56.8,0.62,0.46,5,45,7,0.06882706642150879
2125,56.9,0.61,0.49,5,45,7,0.06752738527953625
2126,56.8,0.61,0.46,5,45,7,0.06752738527953625
2127,56.7,0.62,0.45,5,45,7,0.06752738527953625
2128,56.6,0.62,0.46,5,45,7,0.06752738527953625
2129,56.5,0.61,0.48,5,45,7,0.06752738527953625
2130,56.4,0.62,0.45,5,45,7,0.06167265892028809
2131,56.3,0.61,0.49,5,45,7,0.06167265892028809
2132,56.2,0.62,0.45,5,45,7,0.06167265892028809
2133,56.1,0.62,0.45,5,45,7,0.06167265892028809
2134,56,0.62,0.46,5,45,7,0.06167265892028809
2135,55.9,0.61,0.49,5,45,7,0.05829647839069367
2136,55.8,0.61,0.49,5,45,7,0.05829647839069367
2137,55.7,0.61,0.47,5,45,7,0.05829647839069367
2138,55.5,0.62,0.47,5,45,7,0.05829647839069367
2139,55.4,0.62,0.46,5,45,7,0.05829647839069367
2140,55.2,0.62,0.45,5,45,7,0.06513493061065674
2141,55.1,0.61,0.47,5,45,7,0.06513493061065674
2142,55,0.61,0.48,5,45,7,0.06513493061065674
2143,54.8,0.61,0.46,5,45,7,0.06513493061065674
2144,54.7,0.6,0.49,5,45,7,0.06513493061065674
2145,54.6,0.61,0.47,5,45,7,0.06646243333816529
2146,54.4,0.6,0.49,5,45,7,0.06646243333816529
2147,54.3,0.61,0.46,5,45,7,0.06646243333816529
2148,54.1,0.6,0.49,5,45,7,0.06646243333816529
2149,54,0.61,0.47,5,45,7,0.06646243333816529
2150,53.8,0.6,0.49,5,45,7,0.05698119699954987
2151,53.7,0.61,0.45,5,45,7,0.05698119699954987
2152,53.5,0.6,0.48,5,45,7,0.05698119699954987
2153,53.4,0.6,0.49,5,45,7,0.05698119699954987
2154,53.3,0.61,0.46,5,45,7,0.05698119699954987
2155,53.1,0.6,0.48,5,45,7,0.06387564659118652
2156,53,0.6,0.48,5,45,7,0.06387564659118652
2157,52.8,0.6,0.48,5,45,7,0.06387564659118652
2158,52.7,0.59,0.49,5,45,7,0.06387564659118652
2159,52.6,0.6,0.45,5,45,7,0.06387564659118652
2160,52.4,0.6,0.46,5,45,7,0.06273123502731323
2161,52.3,0.59,0.49,5,45,7,0.06273123502731323
2162,52.2,0.59,0.48,5,45,7,0.06273123502731323
2163,52,0.6,0.46,5,45,7,0.06273123502731323
2164,51.9,0.59,0.48,5,45,7,0.06273123502731323
2165,51.8,0.59,0.47,5,45,7,0.06999619960784913
2166,51.7,0.59,0.46,5,45,7,0.06999619960784913
2167,51.5,0.59,0.46,5,45,7,0.06999619960784913
2168,51.4,0.59,0.46,5,45,7,0.06999619960784913
2169,51.3,0.59,0.46,5,45,7,0.06999619960784913
2170,51.1,0.59,0.46,5,45,7,0.05885037899017334
2171,51,0.6,0.43,5,45,7,0.05885037899017334
2172,50.9,0.58,0.48,5,45,7,0.05885037899017334
2173,50.7,0.58,0.47,5,45,7,0.05885037899017334
2174,50.6,0.59,0.45,5,45,7,0.05885037899017334
2175,50.5,0.58,0.48,5,45,7,0.060580225586891176
2176,50.3,0.6,0.43,5,45,7,0.060580225586891176
2177,50.2,0.59,0.44,5,45,7,0.060580225586891176
2178,50.1,0.59,0.44,5,45,7,0.060580225586891176
2179,49.9,0.59,0.43,5,45,7,0.060580225586891176
2180,49.8,0.6,0.4,5,45,7,0.06473382472991944
2181,49.7,0.59,0.43,5,45,7,0.06473382472991944
2182,49.5,0.61,0.38,5,45,7,0.06473382472991944
2183,49.4,0.59,0.42,5,45,7,0.06473382472991944
2184,49.3,0.6,0.41,5,45,7,0.06473382472991944
2185,49.1,0.6,0.41,5,45,7,0.06160023450851441
2186,49,0.6,0.39,5,45,7,0.06160023450851441
2187,48.9,0.6,0.39,5,45,7,0.06160023450851441
2188,48.7,0.61,0.38,5,45,7,0.06160023450851441
2189,48.6,0.6,0.38,5,45,7,0.06160023450851441
2190,48.5,0.59,0.41,5,45,7,0.0643717247247696
2191,48.3,0.6,0.38,5,45,7,0.0643717247247696
2192,48.2,0.6,0.38,5,45,7,0.0643717247247696
2193,48.1,0.59,0.4,5,45,7,0.0643717247247696
2194,48,0.59,0.4,5,45,7,0.0643717247247696
2195,47.8,0.59,0.39,5,45,7,0.06639107704162597
2196,47.7,0.59,0.4,5,45,7,0.06639107704162597
2197,47.6,0.59,0.39,5,45,7,0.06639107704162597
2198,47.4,0.59,0.39,5,45,7,0.06639107704162597
2199,47.3,0.6,0.37,5,45,7,0.06639107704162597
2200,47.2,0.59,0.38,5,45,7,0.06554003477096558
2201,47,0.59,0.38,5,45,7,0.06554003477096558
2202,46.9,0.59,0.4,5,45,7,0.06554003477096558
2203,46.8,0.58,0.4,5,45,7,0.06554003477096558
2204,46.6,0.59,0.38,5,45,7,0.06554003477096558
2205,46.5,0.6,0.35,5,45,7,0.0660736656188965
2206,46.4,0.59,0.37,5,45,7,0.0660736656188965
2207,46.2,0.59,0.37,5,45,7,0.0660736656188965
2208,46.1,0.59,0.38,5,45,7,0.0660736656188965
2209,46,0.59,0.36,5,45,7,0.0660736656188965
2210,45.8,0.58,0.38,5,45,7,0.06949083387851715
2211,45.7,0.58,0.39,5,45,7,0.06949083387851715
2212,45.6,0.59,0.36,5,45,7,0.06949083387851715
2213,45.5,0.58,0.38,5,45,7,0.06949083387851715
2214,45.3,0.58,0.36,5,45,7,0.06949083387851715
2215,45.2,0.58,0.37,5,45,7,0.06781125068664551
2216,45.1,0.58,0.38,5,45,7,0.06781125068664551
2217,44.9,0.59,0.34,5,45,7,0.06781125068664551
2218,44.8,0.57,0.38,5,45,7,0.06781125068664551
2219,44.7,0.59,0.34,5,45,7,0.06781125068664551
2220,44.5,0.58,0.36,5,45,7,0.05446804523468018
2221,44.4,0.58,0.36,5,45,7,0.05446804523468018
2222,44.3,0.58,0.34,5,45,7,0.05446804523468018
2223,44.1,0.58,0.36,5,45,7,0.05446804523468018
2224,44,0.58,0.36,5,45,7,0.05446804523468018
2225,43.9,0.58,0.35,5,45,7,0.06294562339782715
2226,44,0.57,0.37,5,45,7,0.06294562339782715
2227,44.1,0.57,0.37,5,45,7,0.06294562339782715
2228,44.2,0.57,0.36,5,45,7,0.06294562339782715
2229,44.3,0.57,0.36,5,45,7,0.06294562339782715
2230,44.4,0.58,0.35,5,45,7,0.05393117904663086
2231,44.5,0.57,0.35,5,45,7,0.05393117904663086
2232,44.6,0.57,0.35,5,45,7,0.05393117904663086
2233,44.7,0.57,0.36,5,45,7,0.05393117904663086
2234,44.8,0.57,0.36,5,45,7,0.05393117904663086
2235,44.9,0.57,0.34,5,45,7,0.05493625164031983
2236,45,0.57,0.35,5,45,7,0.05493625164031983
2237,44.9,0.58,0.32,5,45,7,0.05493625164031983
2238,44.8,0.57,0.35,5,45,7,0.05493625164031983
2239,44.7,0.56,0.35,5,45,7,0.05493625164031983
2240,55.8,0.63,0.35,4,46,7,0.05132334768772125
2241,55.7,0.64,0.32,4,46,7,0.05132334768772125
2242,55.6,0.64,0.31,4,46,7,0.05132334768772125
2243,55.5,0.63,0.33,4,46,7,0.05132334768772125
2244,55.4,0.63,0.32,4,46,7,0.05132334768772125
2245,55.3,0.62,0.35,4,46,7,0.05831590473651886
2246,55.2,0.63,0.32,4,46,7,0.05831590473651886
2247,55.1,0.64,0.3,4,46,7,0.05831590473651886
2248,55,0.63,0.32,4,46,7,0.05831590473651886
2249,54.9,0.63,0.31,4,46,7,0.05831590473651886
2250,54.8,0.63,0.31,4,46,7,0.06134191036224365
2251,54.7,0.64,0.3,4,46,7,0.06134191036224365
2252,54.5,0.63,0.32,4,46,7,0.06134191036224365
2253,54.4,0.63,0.3,4,46,7,0.06134191036224365
2254,54.3,0.62,0.33,4,46,7,0.06134191036224365
2255,54.2,0.63,0.29,4,46,7,0.0665483570098877
2256,54.1,0.63,0.31,4,46,7,0.0665483570098877
2257,53.9,0.62,0.33,4,46,7,0.0665483570098877
2258,53.8,0.62,0.33,4,46,7,0.0665483570098877
2259,53.7,0.63,0.3,4,46,7,0.0665483570098877
2260,53.6,0.62,0.31,4,46,7,0.050833957195281984
2261,53.5,0.63,0.3,4,46,7,0.050833957195281984
2262,53.3,0.61,0.33,4,46,7,0.050833957195281984
2263,53.2,0.63,0.29,4,46,7,0.050833957195281984
2264,53.1,0.61,0.33,4,46,7,0.050833957195281984
2265,53,0.63,0.29,4,46,7,0.06095973014831543
2266,52.9,0.62,0.31,4,46,7,0.06095973014831543
2267,52.7,0.61,0.33,4,46,7,0.06095973014831543
2268,52.6,0.61,0.32,4,46,7,0.06095973014831543
2269,52.5,0.63,0.28,4,46,7,0.06095973014831543
2270,52.4,0.63,0.28,4,46,7,0.06040190696716309
2271,52.3,0.61,0.31,4,46,7,0.06040190696716309
2272,52.1,0.62,0.3,4,46,7,0.06040190696716309
2273,52,0.62,0.29,4,46,7,0.06040190696716309
2274,51.9,0.61,0.3,4,46,7,0.06040190696716309
2275,51.8,0.62,0.29,4,46,7,0.052915656566619874
2276,51.7,0.62,0.28,4,46,7,0.052915656566619874
2277,51.5,0.62,0.28,4,46,7,0.052915656566619874
2278,51.4,0.61,0.29,4,46,7,0.052915656566619874
2279,51.3,0.61,0.31,4,46,7,0.052915656566619874
2280,51.2,0.61,0.29,4,46,7,0.05586776494979859
2281,51.3,0.61,0.29,4,46,7,0.05586776494979859
2282,51.5,0.6,0.31,4,46,7,0.05586776494979859
2283,51.6,0.61,0.3,4,46,7,0.05586776494979859
2284,51.7,0.6,0.31,4,46,7,0.05586776494979859
2285,51.7,0.61,0.28,4,46,7,0.06584843158721924
2286,51.6,0.61,0.27,4,46,7,0.06584843158721924
2287,51.5,0.6,0.31,4,46,7,0.06584843158721924
2288,51.4,0.61,0.29,4,46,7,0.06584843158721924
2289,51.3,0.61,0.29,4,46,7,0.06584843158721924
2290,51.2,0.6,0.29,4,46,7,0.06805004954338074
2291,51.1,0.6,0.29,4,46,7,0.06805004954338074
2292,51,0.6,0.29,4,46,7,0.06805004954338074
2293,50.9,0.6,0.3,4,46,7,0.06805004954338074
2294,50.8,0.61,0.27,4,46,7,0.06805004954338074
2295,50.7,0.6,0.29,4,46,7,0.05403125643730164
2296,50.6,0.6,0.27,4,46,7,0.05403125643730164
2297,50.5,0.6,0.27,4,46,7,0.05403125643730164
2298,50.4,0.6,0.28,4,46,7,0.05403125643730164
2299,50.3,0.6,0.28,4,46,7,0.05403125643730164
2300,50.2,0.6,0.27,4,46,7,0.055600650310516364
2301,50.1,0.61,0.24,4,46,7,0.055600650310516364
2302,50,0.6,0.28,4,46,7,0.055600650310516364
2303,50,0.6,0.27,4,46,7,0.055600650310516364
2304,49.9,0.59,0.28,4,46,7,0.055600650310516364
2305,49.7,0.61,0.24,4,46,7,0.06244811534881592
2306,49.6,0.61,0.24,4,46,7,0.06244811534881592
2307,49.5,0.6,0.25,4,46,7,0.06244811534881592
2308,49.4,0.6,0.25,4,46,7,0.06244811534881592
2309,49.2,0.6,0.25,4,46,7,0.06244811534881592
2310,49.1,0.61,0.24,4,46,7,0.06988286733627319
2311,49,0.6,0.25,4,46,7,0.06988286733627319
2312,48.9,0.59,0.28,4,46,7,0.06988286733627319
2313,48.7,0.6,0.25,4,46,7,0.06988286733627319
2314,48.6,0.59,0.25,4,46,7,0.06988286733627319
2315,48.5,0.59,0.25,4,46,7,0.05549464464187622
2316,48.4,0.59,0.26,4,46,7,0.05549464464187622
2317,48.3,0.59,0.26,4,46,7,0.05549464464187622
2318,48.1,0.6,0.23,4,46,7,0.05549464464187622
2319,48,0.59,0.25,4,46,7,0.05549464464187622
2320,47.9,0.58,0.26,4,46,7,0.05811299145221711
2321,47.8,0.6,0.23,4,46,7,0.05811299145221711
2322,47.6,0.59,0.24,4,46,7,0.05811299145221711
2323,47.5,0.6,0.23,4,46,7,0.05811299145221711
2324,47.4,0.6,0.23,4,46,7,0.05811299145221711
2325,47.3,0.6,0.22,4,46,7,0.05727802753448487
2326,47.1,0.6,0.22,4,46,7,0.05727802753448487
2327,47,0.59,0.23,4,46,7,0.05727802753448487
2328,46.9,0.58,0.25,4,46,7,0.05727802753448487
2329,46.8,0.59,0.23,4,46,7,0.05727802753448487
2330,46.6,0.59,0.22,4,46,7,0.05154625892639161
2331,46.5,0.6,0.21,4,46,7,0.05154625892639161
2332,46.4,0.58,0.25,4,46,7,0.05154625892639161
2333,46.2,0.58,0.25,4,46,7,0.05154625892639161
2334,46.1,0.58,0.24,4,46,7,0.05154625892639161
2335,46,0.59,0.23,4,46,7,0.061294372081756594
2336,45.9,0.59,0.22,4,46,7,0.061294372081756594
2337,45.7,0.59,0.22,4,46,7,0.061294372081756594
2338,45.6,0.58,0.23,4,46,7,0.061294372081756594
2339,45.5,0.57,0.24,4,46,7,0.061294372081756594
2340,45.3,0.58,0.24,4,46,7,0.06623827397823334
2341,45.2,0.59,0.21,4,46,7,0.06623827397823334
2342,45.1,0.59,0.2,4,46,7,0.06623827397823334
2343,44.9,0.58,0.22,4,46,7,0.06623827397823334
2344,44.8,0.59,0.2,4,46,7,0.06623827397823334
2345,44.7,0.58,0.21,4,46,7,0.0649017882347107
2346,44.6,0.57,0.23,4,46,7,0.0649017882347107
2347,44.4,0.58,0.22,4,46,7,0.0649017882347107
2348,44.3,0.57,0.24,4,46,7,0.0649017882347107
2349,44.2,0.59,0.2,4,46,7,0.0649017882347107
2350,44.4,0.57,0.22,4,46,7,0.05764297246932984
2351,44.6,0.57,0.23,4,46,7,0.05764297246932984
2352,44.8,0.57,0.22,4,46,7,0.05764297246932984
2353,45.1,0.58,0.2,4,46,7,0.05764297246932984
2354,45.3,0.58,0.21,4,46,7,0.05764297246932984
2355,45.5,0.58,0.2,4,46,7,0.054449040889739994
2356,45.7,0.58,0.2,4,46,7,0.054449040889739994
2357,45.9,0.57,0.22,4,46,7,0.054449040889739994
2358,46.1,0.58,0.19,4,46,7,0.054449040889739994
2359,46.3,0.58,0.19,4,46,7,0.054449040889739994
2360,46.5,0.58,0.18,4,46,7,0.0607958459854126
2361,46.7,0.58,0.18,4,46,7,0.0607958459854126
2362,46.9,0.57,0.2,4,46,7,0.0607958459854126
2363,47.1,0.57,0.21,4,46,7,0.0607958459854126
2364,47.3,0.57,0.2,4,46,7,0.0607958459854126
2365,47.5,0.56,0.21,4,46,7,0.05819437086582184
2366,47.7,0.56,0.21,4,46,7,0.05819437086582184
2367,47.9,0.57,0.18,4,46,7,0.05819437086582184
2368,48.1,0.57,0.19,4,46,7,0.05819437086582184
2369,48.2,0.57,0.18,4,46,7,0.05819437086582184
2370,48.4,0.57,0.19,4,46,7,0.0556092381477356
2371,48.3,0.57,0.18,4,46,7,0.0556092381477356
2372,48.1,0.57,0.18,4,46,7,0.0556092381477356
2373,48,0.57,0.19,4,46,7,0.0556092381477356
2374,47.8,0.57,0.17,4,46,7,0.0556092381477356
2375,47.7,0.56,0.19,4,46,7,0.06002717018127442
2376,47.5,0.57,0.18,4,46,7,0.06002717018127442
2377,47.4,0.56,0.19,4,46,7,0.06002717018127442
2378,47.3,0.56,0.19,4,46,7,0.06002717018127442
2379,47.1,0.55,0.2,4,46,7,0.06002717018127442
2380,47,0.56,0.18,4,46,7,0.06310036182403565
2381,46.8,0.56,0.17,4,46,7,0.06310036182403565
2382,46.7,0.56,0.19,4,46,7,0.06310036182403565
2383,46.5,0.56,0.18,4,46,7,0.06310036182403565
2384,46.4,0.57,0.15,4,46,7,0.06310036182403565
2385,46.2,0.56,0.18,4,46,7,0.05664498329162598
2386,46.1,0.56,0.18,4,46,7,0.05664498329162598
2387,46,0.57,0.15,4,46,7,0.05664498329162598
2388,45.8,0.55,0.18,4,46,7,0.05664498329162598
2389,45.7,0.55,0.18,4,46,7,0.05664498329162598
2390,45.5,0.55,0.18,4,46,7,0.05257391512393952
2391,45.4,0.56,0.16,4,46,7,0.05257391512393952
2392,45.2,0.57,0.15,4,46,7,0.05257391512393952
2393,45.1,0.56,0.16,4,46,7,0.05257391512393952
2394,44.9,0.55,0.17,4,46,7,0.05257391512393952
2395,44.8,0.55,0.18,4,46,7,0.05250154078006745
2396,44.7,0.55,0.17,4,46,7,0.05250154078006745
2397,44.5,0.56,0.16,4,46,7,0.05250154078006745
2398,44.4,0.55,0.16,4,46,7,0.05250154078006745
2399,44.2,0.55,0.17,4,46,7,0.05250154078006745
2400,44.1,0.55,0.17,4,46,7,0.056371170282363894
2401,44,0.56,0.14,4,46,7,0.056371170282363894
2402,44,0.55,0.15,4,46,7,0.056371170282363894
2403,44.1,0.55,0.17,4,46,7,0.056371170282363894
2404,44.2,0.55,0.16,4,46,7,0.056371170282363894
2405,44.2,0.54,0.17,4,46,7,0.05111346304416657
2406,44.3,0.55,0.16,4,46,7,0.05111346304416657
2407,44.4,0.55,0.15,4,46,7,0.05111346304416657
2408,44.4,0.56,0.13,4,46,7,0.05111346304416657
2409,44.5,0.55,0.14,4,46,7,0.05111346304416657
2410,44.6,0.55,0.15,4,46,7,0.06903770923614502
2411,44.6,0.55,0.15,4,46,7,0.06903770923614502
2412,44.7,0.56,0.12,4,46,7,0.06903770923614502
2413,44.8,0.54,0.15,4,46,7,0.06903770923614502
2414,44.8,0.55,0.13,4,46,7,0.06903770923614502
2415,44.9,0.54,0.15,4,46,7,0.05765047073364258
2416,44.9,0.54,0.15,4,46,7,0.05765047073364258
2417,45,0.55,0.12,4,46,7,0.05765047073364258
2418,45.1,0.55,0.12,4,46,7,0.05765047073364258
2419,45.1,0.55,0.12,4,46,7,0.05765047073364258
2420,45.2,0.54,0.15,4,46,7,0.05016171514987946
2421,45.2,0.55,0.12,4,46,7,0.05016171514987946
2422,45.3,0.55,0.13,4,46,7,0.05016171514987946
2423,45.3,0.54,0.14,4,46,7,0.05016171514987946
2424,45.4,0.55,0.12,4,46,7,0.05016171514987946
2425,45.4,0.54,0.13,4,46,7,0.06568418741226197
2426,45.5,0.54,0.12,4,46,7,0.06568418741226197
2427,45.5,0.54,0.13,4,46,7,0.06568418741226197
2428,45.6,0.55,0.11,4,46,7,0.06568418741226197
2429,45.6,0.54,0.12,4,46,7,0.06568418741226197
2430,45.7,0.54,0.13,4,46,7,0.06114872217178345
2431,45.7,0.55,0.1,4,46,7,0.06114872217178345
2432,45.8,0.54,0.11,4,46,7,0.06114872217178345
2433,45.8,0.53,0.14,4,46,7,0.06114872217178345
2434,61.1,0.67,0.14,3,47,7,0.06114872217178345
2435,61.2,0.65,0.17,3,47,7,0.05635097086429596
2436,61.3,0.66,0.15,3,47,7,0.05635097086429596
2437,61.4,0.65,0.16,3,47,7,0.05635097086429596
2438,61.5,0.65,0.17,3,47,7,0.05635097086429596
2439,61.6,0.65,0.15,3,47,7,0.05635097086429596
2440,61.4,0.66,0.15,3,47,7,0.0509106731414795
2441,61.3,0.66,0.14,3,47,7,0.0509106731414795
2442,61.2,0.65,0.15,3,47,7,0.0509106731414795
2443,61,0.64,0.16,3,47,7,0.0509106731414795
2444,60.9,0.64,0.16,3,47,7,0.0509106731414795
2445,60.7,0.66,0.14,3,47,7,0.06010317802429199
2446,60.6,0.66,0.14,3,47,7,0.06010317802429199
2447,60.8,0.66,0.12,3,47,7,0.06010317802429199
2448,61,0.66,0.13,3,47,7,0.06010317802429199
2449,61.3,0.65,0.15,3,47,7,0.06010317802429199
2450,61.5,0.66,0.12,3,47,7,0.06436129570007325
2451,61.7,0.64,0.16,3,47,7,0.06436129570007325
2452,62,0.66,0.12,3,47,7,0.06436129570007325
2453,62.2,0.66,0.12,3,47,7,0.06436129570007325
2454,62.4,0.64,0.15,3,47,7,0.06436129570007325
2455,62.7,0.65,0.13,3,47,7,0.0675576639175415
2456,62.9,0.66,0.12,3,47,7,0.0675576639175415
2457,63.1,0.65,0.13,3,47,7,0.0675576639175415
2458,63.4,0.63,0.15,3,47,7,0.0675576639175415
2459,63.6,0.65,0.12,3,47,7,0.0675576639175415
2460,63.9,0.65,0.12,3,47,7,0.056693441867828376
2461,64.2,0.63,0.15,3,47,7,0.056693441867828376
2462,64.4,0.63,0.16,3,47,7,0.056693441867828376
2463,64.7,0.65,0.13,3,47,7,0.056693441867828376
2464,65,0.64,0.13,3,47,7,0.056693441867828376
2465,65.4,0.64,0.14,3,47,7,0.0652378535270691
2466,65.4,0.64,0.14,3,47,7,0.0652378535270691
2467,65.3,0.64,0.12,3,47,7,0.0652378535270691
2468,65.2,0.63,0.14,3,47,7,0.0652378535270691
2469,65.1,0.64,0.13,3,47,7,0.0652378535270691
2470,65,0.64,0.12,3,47,7,0.06301329374313355
2471,64.9,0.64,0.12,3,47,7,0.06301329374313355
2472,64.8,0.63,0.15,3,47,7,0.06301329374313355
2473,64.7,0.63,0.13,3,47,7,0.06301329374313355
2474,64.6,0.64,0.12,3,47,7,0.06301329374313355
2475,64.5,0.64,0.11,3,47,7,0.057262320518493656
2476,64.4,0.63,0.14,3,47,7,0.057262320518493656
2477,64.3,0.64,0.11,3,47,7,0.057262320518493656
2478,64.1,0.63,0.12,3,47,7,0.057262320518493656
2479,64,0.62,0.13,3,47,7,0.057262320518493656
2480,63.9,0.63,0.12,3,47,7,0.06915940761566162
2481,63.7,0.63,0.13,3,47,7,0.06915940761566162
2482,63.6,0.63,0.12,3,47,7,0.06915940761566162
2483,63.4,0.62,0.13,3,47,7,0.06915940761566162
2484,63.3,0.63,0.12,3,47,7,0.06915940761566162
2485,63.2,0.63,0.11,3,47,7,0.05345792293548584
2486,63,0.63,0.11,3,47,7,0.05345792293548584
2487,62.9,0.61,0.14,3,47,7,0.05345792293548584
2488,62.8,0.62,0.12,3,47,7,0.05345792293548584
2489,62.6,0.63,0.1,3,47,7,0.05345792293548584
2490,62.5,0.61,0.13,3,47,7,0.06713522255420686
2491,62.4,0.63,0.11,3,47,7,0.06713522255420686
2492,62.2,0.62,0.13,3,47,7,0.06713522255420686
2493,62.1,0.62,0.12,3,47,7,0.06713522255420686
2494,62,0.61,0.14,3,47,7,0.06713522255420686
2495,61.8,0.63,0.1,3,47,7,0.05773286819458008
2496,61.7,0.61,0.14,3,47,7,0.05773286819458008
2497,61.6,0.61,0.13,3,47,7,0.05773286819458008
2498,61.4,0.61,0.12,3,47,7,0.05773286819458008
2499,61.3,0.61,0.13,3,47,7,0.05773286819458008
2500,61.1,0.61,0.12,3,47,7,0.057931721210479736
2501,61,0.62,0.1,3,47,7,0.057931721210479736
2502,60.9,0.62,0.11,3,47,7,0.057931721210479736
2503,60.7,0.6,0.13,3,47,7,0.057931721210479736
2504,60.6,0.6,0.13,3,47,7,0.057931721210479736
2505,60.5,0.62,0.1,3,47,7,0.0689431667327881
2506,60.3,0.62,0.09,3,47,7,0.0689431667327881
2507,60.2,0.61,0.11,3,47,7,0.0689431667327881
2508,60.1,0.62,0.1,3,47,7,0.0689431667327881
2509,59.9,0.61,0.11,3,47,7,0.0689431667327881
2510,59.8,0.61,0.1,3,47,7,0.05974699974060059
2511,59.7,0.6,0.11,3,47,7,0.05974699974060059
2512,59.5,0.61,0.09,3,47,7,0.05974699974060059
2513,59.4,0.62,0.09,3,47,7,0.05974699974060059
2514,59.2,0.6,0.11,3,47,7,0.05974699974060059
2515,59.1,0.6,0.11,3,47,7,0.052870168685913085
2516,59,0.59,0.13,3,47,7,0.052870168685913085
2517,58.8,0.62,0.08,3,47,7,0.052870168685913085
2518,58.7,0.6,0.11,3,47,7,0.052870168685913085
2519,58.6,0.61,0.09,3,47,7,0.052870168685913085
2520,58.4,0.61,0.09,3,47,7,0.06613504886627197
2521,58.3,0.59,0.12,3,47,7,0.06613504886627197
2522,58.2,0.6,0.09,3,47,7,0.06613504886627197
2523,58,0.6,0.09,3,47,7,0.06613504886627197
2524,57.9,0.61,0.09,3,47,7,0.06613504886627197
2525,57.8,0.61,0.07,3,47,7,0.05471668481826782
2526,57.7,0.59,0.12,3,47,7,0.05471668481826782
2527,57.5,0.59,0.12,3,47,7,0.05471668481826782
2528,57.4,0.6,0.09,3,47,7,0.05471668481826782
2529,57.3,0.59,0.11,3,47,7,0.05471668481826782
2530,57.2,0.6,0.09,3,47,7,0.05258628606796265
2531,57,0.59,0.11,3,47,7,0.05258628606796265
2532,56.9,0.58,0.11,3,47,7,0.05258628606796265
2533,56.8,0.59,0.1,3,47,7,0.05258628606796265
2534,56.7,0.6,0.07,3,47,7,0.05258628606796265
2535,56.5,0.59,0.1,3,47,7,0.05737968921661377
2536,56.4,0.6,0.08,3,47,7,0.05737968921661377
2537,56.3,0.6,0.07,3,47,7,0.05737968921661377
2538,56.2,0.59,0.1,3,47,7,0.05737968921661377
2539,56,0.6,0.07,3,47,7,0.05737968921661377
2540,55.9,0.6,0.07,3,47,7,0.0649198579788208
2541,55.8,0.59,0.08,3,47,7,0.0649198579788208
2542,55.7,0.6,0.06,3,47,7,0.0649198579788208
2543,55.5,0.58,0.09,3,47,7,0.0649198579788208
2544,55.4,0.58,0.1,3,47,7,0.0649198579788208
2545,55.3,0.58,0.09,3,47,7,0.06480689287185669
2546,55.2,0.59,0.07,3,47,7,0.06480689287185669
2547,55,0.57,0.1,3,47,7,0.06480689287185669
2548,54.9,0.6,0.06,3,47,7,0.06480689287185669
2549,54.8,0.58,0.09,3,47,7,0.06480689287185669
2550,54.6,0.57,0.11,3,47,7,0.05965829901397229
2551,54.5,0.57,0.1,3,47,7,0.05965829901397229
2552,54.4,0.59,0.07,3,47,7,0.05965829901397229
2553,54.3,0.58,0.09,3,47,7,0.05965829901397229
2554,54.5,0.59,0.07,3,47,7,0.05965829901397229
2555,54.7,0.57,0.1,3,47,7,0.06954034626483918
2556,54.9,0.59,0.07,3,47,7,0.06954034626483918
2557,55.2,0.58,0.08,3,47,7,0.06954034626483918
2558,55.4,0.58,0.08,3,47,7,0.06954034626483918
2559,55.6,0.58,0.09,3,47,7,0.06954034626483918
2560,55.8,0.57,0.1,3,47,7,0.06924590587615967
2561,56.1,0.59,0.07,3,47,7,0.06924590587615967
2562,56.3,0.58,0.09,3,47,7,0.06924590587615967
2563,56.4,0.59,0.07,3,47,7,0.06924590587615967
2564,56.4,0.59,0.07,3,47,7,0.06924590587615967
2565,56.3,0.57,0.11,3,47,7,0.06648524820804597
2566,56.2,0.58,0.08,3,47,7,0.06648524820804597
2567,56.1,0.57,0.1,3,47,7,0.06648524820804597
2568,56,0.59,0.06,3,47,7,0.06648524820804597
2569,55.9,0.59,0.07,3,47,7,0.06648524820804597
2570,55.8,0.58,0.08,3,47,7,0.06060082435607911
2571,55.7,0.57,0.1,3,47,7,0.06060082435607911
2572,55.6,0.59,0.07,3,47,7,0.06060082435607911
2573,55.5,0.58,0.08,3,47,7,0.06060082435607911
2574,55.5,0.58,0.07,3,47,7,0.06060082435607911
2575,55.4,0.58,0.08,3,47,7,0.05685433387756348
2576,55.3,0.57,0.1,3,47,7,0.05685433387756348
2577,55.2,0.56,0.11,3,47,7,0.05685433387756348
2578,55.1,0.58,0.08,3,47,7,0.05685433387756348
2579,55,0.57,0.1,3,47,7,0.05685433387756348
2580,54.9,0.57,0.09,3,47,7,0.060702188014984136
2581,54.8,0.57,0.1,3,47,7,0.060702188014984136
2582,54.7,0.57,0.11,3,47,7,0.060702188014984136
2583,54.6,0.56,0.11,3,47,7,0.060702188014984136
2584,54.5,0.58,0.09,3,47,7,0.060702188014984136
2585,54.5,0.56,0.11,3,47,7,0.06139564037322998
2586,54.4,0.58,0.07,3,47,7,0.06139564037322998
2587,54.3,0.56,0.11,3,47,7,0.06139564037322998
2588,54.1,0.57,0.11,3,47,7,0.06139564037322998
2589,54,0.58,0.07,3,47,7,0.06139564037322998
2590,53.9,0.56,0.12,3,47,7,0.05005920708179474
2591,53.7,0.58,0.08,3,47,7,0.05005920708179474
2592,53.6,0.56,0.11,3,47,7,0.05005920708179474
2593,53.4,0.57,0.1,3,47,7,0.05005920708179474
2594,53.3,0.56,0.12,3,47,7,0.05005920708179474
2595,53.2,0.56,0.11,3,47,7,0.05543675780296326
2596,53.1,0.58,0.07,3,47,7,0.05543675780296326
2597,52.9,0.56,0.12,3,47,7,0.05543675780296326
2598,52.8,0.56,0.11,3,47,7,0.05543675780296326
2599,52.7,0.57,0.09,3,47,7,0.05543675780296326
2600,52.6,0.58,0.07,3,47,7,0.05754143714904786
2601,52.4,0.56,0.12,3,47,7,0.05754143714904786
2602,52.3,0.56,0.12,3,47,7,0.05754143714904786
2603,52.2,0.57,0.08,3,47,7,0.05754143714904786
2604,52.1,0.56,0.12,3,47,7,0.05754143714904786
2605,51.9,0.56,0.12,3,47,7,0.05201012969017029
2606,51.8,0.57,0.08,3,47,7,0.05201012969017029
2607,51.7,0.57,0.1,3,47,7,0.05201012969017029
2608,51.6,0.55,0.13,3,47,7,0.05201012969017029
2609,51.4,0.55,0.12,3,47,7,0.05201012969017029
2610,51.3,0.56,0.11,3,47,7,0.05803413987159729
2611,51.2,0.56,0.11,3,47,7,0.05803413987159729
2612,51.1,0.55,0.13,3,47,7,0.05803413987159729
2613,50.9,0.55,0.13,3,47,7,0.05803413987159729
2614,50.8,0.55,0.13,3,47,7,0.05803413987159729
2615,50.7,0.56,0.12,3,47,7,0.050000193119049074
2616,50.6,0.56,0.11,3,47,7,0.050000193119049074
2617,50.4,0.56,0.1,3,47,7,0.050000193119049074
2618,50.3,0.55,0.13,3,47,7,0.050000193119049074
2619,50.2,0.57,0.08,3,47,7,0.050000193119049074
2620,50,0.56,0.1,3,47,7,0.06788726329803467
2621,49.9,0.55,0.13,3,47,7,0.06788726329803467
2622,49.8,0.55,0.13,3,47,7,0.06788726329803467
2623,49.7,0.55,0.13,3,47,7,0.06788726329803467
2624,49.5,0.55,0.12,3,47,7,0.06788726329803467
2625,49.4,0.55,0.12,3,47,7,0.05775914430618286
2626,49.3,0.56,0.11,3,47,7,0.05775914430618286
2627,49.1,0.56,0.11,3,47,7,0.05775914430618286
2628,49,0.56,0.1,3,47,7,0.05775914430618286
2629,48.9,0.55,0.12,3,47,7,0.05775914430618286
2630,48.7,0.56,0.09,3,47,7,0.06375293016433717
2631,48.6,0.57,0.08,3,47,7,0.06375293016433717
2632,48.5,0.56,0.09,3,47,7,0.06375293016433717
2633,48.3,0.55,0.11,3,47,7,0.06375293016433717
2634,48.2,0.55,0.12,3,47,7,0.06375293016433717
2635,48.1,0.55,0.12,3,47,7,0.053789186477661136
2636,47.9,0.55,0.13,3,47,7,0.053789186477661136
2637,47.8,0.55,0.13,3,47,7,0.053789186477661136
2638,47.7,0.56,0.09,3,47,7,0.053789186477661136
2639,47.5,0.55,0.12,3,47,7,0.053789186477661136
2640,47.4,0.55,0.12,3,47,7,0.06977481603622437
2641,47.2,0.54,0.13,3,47,7,0.06977481603622437
2642,47.1,0.56,0.09,3,47,7,0.06977481603622437
2643,47,0.54,0.13,3,47,7,0.06977481603622437
2644,46.8,0.55,0.12,3,47,7,0.06977481603622437
2645,46.7,0.55,0.12,3,47,7,0.05159380435943604
2646,46.5,0.55,0.12,3,47,7,0.05159380435943604
2647,46.4,0.56,0.09,3,47,7,0.05159380435943604
2648,46.3,0.56,0.1,3,47,7,0.05159380435943604
2649,46.1,0.55,0.11,3,47,7,0.05159380435943604
2650,46,0.54,0.13,3,47,7,0.05240688383579255
2651,45.8,0.54,0.13,3,47,7,0.05240688383579255
2652,45.7,0.55,0.12,3,47,7,0.05240688383579255
2653,45.6,0.56,0.09,3,47,7,0.05240688383579255
2654,45.4,0.55,0.11,3,47,7,0.05240688383579255
2655,45.3,0.56,0.09,3,47,7,0.06121708393096924
2656,45.1,0.54,0.14,3,47,7,0.06121708393096924
2657,45,0.54,0.14,3,47,7,0.06121708393096924
2658,44.8,0.54,0.14,3,47,7,0.06121708393096924
2659,44.7,0.55,0.11,3,47,7,0.06121708393096924
2660,44.6,0.56,0.09,3,47,7,0.06614961862564087
2661,44.4,0.55,0.11,3,47,7,0.06614961862564087
2662,44.3,0.55,0.11,3,47,7,0.06614961862564087
2663,44.1,0.55,0.11,3,47,7,0.06614961862564087
2664,44,0.54,0.12,3,47,7,0.06614961862564087
2665,43.9,0.56,0.09,3,47,7,0.05312507629394531
2666,43.7,0.55,0.11,3,47,7,0.05312507629394531
2667,43.6,0.54,0.13,3,47,7,0.05312507629394531
2668,43.5,0.54,0.12,3,47,7,0.05312507629394531
2669,43.3,0.55,0.11,3,47,7,0.05312507629394531
2670,43.2,0.54,0.12,3,47,7,0.05407854795455933
2671,43.1,0.54,0.14,3,47,7,0.05407854795455933
2672,42.9,0.53,0.14,3,47,7,0.05407854795455933
2673,42.8,0.54,0.12,3,47,7,0.05407854795455933
2674,42.7,0.54,0.13,3,47,7,0.05407854795455933
2675,42.5,0.55,0.11,3,47,7,0.0638987374305725
2676,42.4,0.53,0.15,3,47,7,0.0638987374305725
2677,42.2,0.54,0.12,3,47,7,0.0638987374305725
2678,42.1,0.55,0.11,3,47,7,0.0638987374305725
2679,42,0.55,0.1,3,47,7,0.0638987374305725
2680,41.8,0.55,0.1,3,47,7,0.05137184143066407
2681,41.7,0.54,0.12,3,47,7,0.05137184143066407
2682,41.6,0.53,0.15,3,47,7,0.05137184143066407
2683,41.4,0.54,0.12,3,47,7,0.05137184143066407
2684,41.3,0.53,0.15,3,47,7,0.05137184143066407
2685,41.1,0.55,0.1,3,47,7,0.06578245401382446
2686,41,0.53,0.13,3,47,7,0.06578245401382446
2687,40.8,0.54,0.11,3,47,7,0.06578245401382446
2688,40.7,0.53,0.14,3,47,7,0.06578245401382446
2689,40.6,0.54,0.12,3,47,7,0.06578245401382446
2690,40.4,0.53,0.14,3,47,7,0.06281620025634765
2691,40.3,0.53,0.14,3,47,7,0.06281620025634765
2692,40.2,0.53,0.15,3,47,7,0.06281620025634765
2693,40,0.54,0.1,3,47,7,0.06281620025634765
2694,39.9,0.52,0.15,3,47,7,0.06281620025634765
2695,39.7,0.55,0.1,3,47,7,0.05814124584197998
2696,39.6,0.55,0.1,3,47,7,0.05814124584197998
2697,39.4,0.52,0.15,3,47,7,0.05814124584197998
2698,39.3,0.53,0.13,3,47,7,0.05814124584197998
2699,39.2,0.52,0.15,3,47,7,0.05814124584197998
2700,39,0.54,0.1,3,47,7,0.05474287986755372
2701,38.9,0.54,0.1,3,47,7,0.05474287986755372
2702,38.7,0.53,0.14,3,47,7,0.05474287986755372
2703,38.6,0.53,0.13,3,47,7,0.05474287986755372
2704,38.4,0.53,0.14,3,47,7,0.05474287986755372
2705,38.3,0.54,0.12,3,47,7,0.05113282918930054
2706,38.2,0.52,0.16,3,47,7,0.05113282918930054
2707,38,0.52,0.15,3,47,7,0.05113282918930054
2708,37.9,0.53,0.13,3,47,7,0.05113282918930054
2709,37.7,0.54,0.12,3,47,7,0.05113282918930054
2710,37.6,0.53,0.14,3,47,7,0.0689837121963501
2711,37.4,0.54,0.11,3,47,7,0.0689837121963501
2712,37.3,0.54,0.11,3,47,7,0.0689837121963501
2713,37.1,0.52,0.16,3,47,7,0.0689837121963501
2714,37,0.53,0.13,3,47,7,0.0689837121963501
2715,36.8,0.53,0.14,3,47,7,0.06272672891616822
2716,36.7,0.54,0.11,3,47,7,0.06272672891616822
2717,36.5,0.52,0.15,3,47,7,0.06272672891616822
2718,36.4,0.52,0.15,3,47,7,0.06272672891616822
2719,36.2,0.53,0.13,3,47,7,0.06272672891616822
2720,36.1,0.54,0.11,3,47,7,0.0562259316444397
2721,35.9,0.52,0.15,3,47,7,0.0562259316444397
2722,35.8,0.52,0.16,3,47,7,0.0562259316444397
2723,35.6,0.52,0.15,3,47,7,0.0562259316444397
2724,53.3,0.31,0.31,2,48,7,0.0562259316444397
2725,53.1,0.31,0.32,2,48,7,0
2726,52.9,0.31,0.32,2,48,7,0
2727,52.8,0.31,0.32,2,48,7,0
2728,52.7,0.31,0.32,2,48,7,0
2729,52.5,0.31,0.32,2,48,7,0
2730,52.4,0.31,0.32,2,48,7,0
2731,52.3,0.31,0.32,2,48,7,0
2732,52.1,0.31,0.32,2,48,7,0
2733,52,0.31,0.32,2,48,7,0
2734,51.9,0.31,0.32,2,48,7,0
2735,51.8,0.31,0.33,2,48,7,0
2736,51.6,0.31,0.33,2,48,7,0
2737,51.5,0.31,0.33,2,48,7,0
2738,51.4,0.3,0.33,2,48,7,0
2739,51.3,0.3,0.33,2,48,7,0
2740,51.2,0.3,0.33,2,48,7,0
2741,51,0.3,0.33,2,48,7,0
2742,50.9,0.3,0.33,2,48,7,0
2743,50.8,0.3,0.33,2,48,7,0
2744,50.7,0.3,0.34,2,48,7,0
2745,50.5,0.3,0.34,2,48,7,0
2746,50.4,0.3,0.34,2,48,7,0
2747,50.3,0.3,0.34,2,48,7,0
2748,50.2,0.3,0.34,2,48,7,0
2749,50,0.3,0.34,2,48,7,0
2750,49.9,0.3,0.34,2,48,7,0
2751,49.8,0.3,0.34,2,48,7,0
2752,49.7,0.3,0.34,2,48,7,0
2753,49.5,0.3,0.35,2,48,7,0
2754,49.4,0.3,0.35,2,48,7,0
2755,49.3,0.3,0.35,2,48,7,0
2756,49.1,0.3,0.35,2,48,7,0
2757,49,0.3,0.35,2,48,7,0
2758,48.9,0.29,0.35,2,48,7,0
2759,48.7,0.29,0.35,2,48,7,0
2760,48.6,0.29,0.35,2,48,7,0
2761,48.5,0.29,0.35,2,48,7,0
2762,48.4,0.29,0.36,2,48,7,0
2763,48.9,0.29,0.36,2,48,7,0
2764,49.5,0.29,0.36,2,48,7,0
2765,50.1,0.29,0.36,2,48,7,0
2766,50.6,0.29,0.36,2,48,7,0
2767,51.2,0.29,0.36,2,48,7,0
2768,51.7,0.29,0.36,2,48,7,0
2769,52.3,0.29,0.36,2,48,7,0
2770,52.9,0.29,0.36,2,48,7,0
2771,53.4,0.29,0.37,2,48,7,0
2772,54,0.29,0.37,2,48,7,0
2773,54.5,0.29,0.37,2,48,7,0
2774,55.1,0.29,0.37,2,48,7,0
2775,55.6,0.29,0.37,2,48,7,0
2776,56.2,0.29,0.37,2,48,7,0
2777,56.7,0.29,0.37,2,48,7,0
2778,57.2,0.28,0.37,2,48,7,0
2779,57.8,0.28,0.37,2,48,7,0
2780,58.3,0.28,0.38,2,48,7,0
2781,58.8,0.28,0.38,2,48,7,0
2782,59.3,0.28,0.38,2,48,7,0
2783,59.8,0.28,0.38,2,48,7,0
2784,60.2,0.28,0.38,2,48,7,0
2785,60.7,0.28,0.38,2,48,7,0
2786,61.2,0.28,0.38,2,48,7,0
2787,61.6,0.28,0.38,2,48,7,0
2788,62.1,0.28,0.38,2,48,7,0
2789,62.5,0.28,0.39,2,48,7,0
2790,63.6,0.28,0.39,2,48,7,0
2791,64.7,0.28,0.39,2,48,7,0
2792,65.8,0.28,0.39,2,48,7,0
2793,66.9,0.28,0.39,2,48,7,0
2794,67.4,0.28,0.39,2,48,7,0
2795,67.9,0.28,0.39,2,48,7,0
2796,68.5,0.28,0.39,2,48,7,0
2797,69,0.28,0.39,2,48,7,0
2798,69.5,0.27,0.4,2,48,7,0
2799,70.1,0.27,0.4,2,48,7,0
2800,70.6,0.27,0.4,2,48,7,0
2801,71.2,0.27,0.4,2,48,7,0
2802,71,0.27,0.4,2,48,7,0
2803,70.9,0.27,0.4,2,48,7,0
2804,70.7,0.27,0.4,2,48,7,0
2805,70.5,0.27,0.4,2,48,7,0
2806,70.4,0.27,0.4,2,48,7,0
2807,70.2,0.27,0.41,2,48,7,0
2808,70.1,0.27,0.41,2,48,7,0
2809,69.9,0.27,0.41,2,48,7,0
2810,69.7,0.27,0.41,2,48,7,0
2811,69.6,0.27,0.41,2,48,7,0
2812,69.4,0.27,0.41,2,48,7,0
2813,69.3,0.27,0.41,2,48,7,0
2814,69.1,0.27,0.41,2,48,7,0
2815,68.9,0.27,0.41,2,48,7,0
2816,68.8,0.27,0.42,2,48,7,0
2817,68.7,0.27,0.42,2,48,7,0
2818,68.5,0.26,0.42,2,48,7,0
2819,68.4,0.26,0.42,2,48,7,0
2820,68.2,0.26,0.42,2,48,7,0
2821,68.1,0.26,0.42,2,48,7,0
2822,67.9,0.26,0.42,2,48,7,0
2823,67.8,0.26,0.42,2,48,7,0
2824,67.6,0.26,0.42,2,48,7,0
2825,67.5,0.26,0.43,2,48,7,0
2826,67.3,0.26,0.43,2,48,7,0
2827,67.8,0.26,0.43,2,48,7,0
2828,68.7,0.26,0.43,2,48,7,0
2829,69.7,0.26,0.43,2,48,7,0
2830,70.7,0.26,0.43,2,48,7,0
2831,71.7,0.26,0.43,2,48,7,0
2832,72.6,0.26,0.43,2,48,7,0
2833,73.6,0.26,0.43,2,48,7,0
2834,74.6,0.26,0.43,2,48,7,0
2835,75.4,0.26,0.44,2,48,7,0
2836,75.3,0.26,0.44,2,48,7,0
2837,75.3,0.26,0.44,2,48,7,0
2838,75.2,0.25,0.44,2,48,7,0
2839,75.1,0.25,0.44,2,48,7,0
2840,75.1,0.25,0.44,2,48,7,0
2841,75,0.25,0.44,2,48,7,0
2842,74.9,0.25,0.44,2,48,7,0
2843,74.9,0.25,0.44,2,48,7,0
2844,74.8,0.25,0.45,2,48,7,0
2845,74.7,0.25,0.45,2,48,7,0
2846,74.7,0.25,0.45,2,48,7,0
2847,74.6,0.25,0.45,2,48,7,0
2848,74.6,0.25,0.45,2,48,7,0
2849,74.5,0.25,0.45,2,48,7,0
2850,74.4,0.25,0.45,2,48,7,0
2851,74.4,0.25,0.45,2,48,7,0
2852,74.3,0.25,0.45,2,48,7,0
2853,74.2,0.25,0.46,2,48,7,0
2854,74.2,0.25,0.46,2,48,7,0
2855,74.1,0.25,0.46,2,48,7,0
2856,74,0.25,0.46,2,48,7,0
2857,74,0.25,0.46,2,48,7,0
2858,73.9,0.24,0.46,2,48,7,0
2859,73.8,0.24,0.46,2,48,7,0
2860,73.8,0.24,0.46,2,48,7,0
2861,73.7,0.24,0.46,2,48,7,0
2862,73.6,0.24,0.47,2,48,7,0
2863,73.6,0.24,0.47,2,48,7,0
2864,73.5,0.24,0.47,2,48,7,0
2865,73.4,0.24,0.47,2,48,7,0
2866,73.3,0.24,0.47,2,48,7,0
2867,73.3,0.24,0.47,2,48,7,0
2868,73.2,0.24,0.47,2,48,7,0
2869,73.1,0.24,0.47,2,48,7,0
2870,73.1,0.24,0.47,2,48,7,0
2871,73,0.24,0.48,2,48,7,0
2872,72.9,0.24,0.48,2,48,7,0
2873,72.8,0.24,0.48,2,48,7,0
2874,72.8,0.24,0.48,2,48,7,0
2875,72.7,0.24,0.48,2,48,7,0
2876,72.6,0.24,0.48,2,48,7,0
2877,72.5,0.24,0.48,2,48,7,0
2878,72.5,0.23,0.48,2,48,7,0
2879,72.4,0.23,0.48,2,48,7,0
2880,72.3,0.23,0.49,2,48,7,0
2881,72.3,0.23,0.49,2,48,7,0
2882,72.2,0.23,0.49,2,48,7,0
2883,72.1,0.23,0.49,2,48,7,0
2884,72,0.23,0.49,2,48,7,0
2885,71.9,0.23,0.49,2,48,7,0
2886,71.9,0.23,0.49,2,48,7,0
2887,71.8,0.23,0.49,2,48,7,0
2888,71.7,0.23,0.49,2,48,7,0
2889,71.6,0.23,0.5,2,48,7,0
2890,71.6,0.23,0.5,2,48,7,0
2891,71.5,0.23,0.5,2,48,7,0
2892,71.4,0.23,0.5,2,48,7,0
2893,71.3,0.23,0.5,2,48,7,0
2894,71.2,0.23,0.5,2,48,7,0
2895,71.2,0.23,0.5,2,48,7,0
2896,71.1,0.23,0.5,2,48,7,0
2897,71,0.23,0.5,2,48,7,0
2898,70.9,0.22,0.51,2,48,7,0
2899,70.8,0.22,0.51,2,48,7,0
2900,70.8,0.22,0.51,2,48,7,0
2901,70.7,0.22,0.51,2,48,7,0
2902,70.6,0.22,0.51,2,48,7,0
2903,70.5,0.22,0.51,2,48,7,0
2904,70.5,0.22,0.51,2,48,7,0
2905,70.4,0.22,0.51,2,48,7,0
2906,70.3,0.22,0.51,2,48,7,0
2907,70.1,0.22,0.52,2,48,7,0
2908,70,0.22,0.52,2,48,7,0
2909,69.9,0.22,0.52,2,48,7,0
2910,69.7,0.22,0.52,2,48,7,0
2911,69.6,0.22,0.52,2,48,7,0
2912,69.5,0.22,0.52,2,48,7,0
2913,69.3,0.22,0.52,2,48,7,0
2914,69.2,0.22,0.52,2,48,7,0
2915,69.6,0.22,0.52,2,48,7,0
2916,69.6,0.22,0.53,2,48,7,0
2917,69.5,0.22,0.53,2,48,7,0
2918,69.5,0.21,0.53,2,48,7,0
2919,69.4,0.21,0.53,2,48,7,0
2920,69.3,0.21,0.53,2,48,7,0
2921,69.2,0.21,0.53,2,48,7,0
2922,69.2,0.21,0.53,2,48,7,0
2923,69.1,0.21,0.53,2,48,7,0
2924,69,0.21,0.53,2,48,7,0
2925,68.9,0.21,0.54,2,48,7,0
2926,68.9,0.21,0.54,2,48,7,0
2927,68.8,0.21,0.54,2,48,7,0
2928,68.7,0.21,0.54,2,48,7,0
2929,68.6,0.21,0.54,2,48,7,0
2930,68.5,0.21,0.54,2,48,7,0
2931,68.5,0.21,0.54,2,48,7,0
2932,68.4,0.21,0.54,2,48,7,0
2933,68.3,0.21,0.54,2,48,7,0
2934,68.2,0.21,0.54,2,48,7,0
2935,68.1,0.21,0.55,2,48,7,0
2936,68.1,0.21,0.55,2,48,7,0
2937,68,0.21,0.55,2,48,7,0
2938,67.9,0.2,0.55,2,48,7,0
2939,67.8,0.2,0.55,2,48,7,0
2940,67.7,0.2,0.55,2,48,7,0
2941,67.6,0.2,0.55,2,48,7,0
2942,67.6,0.2,0.55,2,48,7,0
2943,67.5,0.2,0.55,2,48,7,0
2944,67.4,0.2,0.56,2,48,7,0
2945,67.3,0.2,0.56,2,48,7,0
2946,67.2,0.2,0.56,2,48,7,0
2947,67.2,0.2,0.56,2,48,7,0
2948,67.1,0.2,0.56,2,48,7,0
2949,67,0.2,0.56,2,48,7,0
2950,66.9,0.2,0.56,2,48,7,0
2951,66.8,0.2,0.56,2,48,7,0
2952,66.7,0.2,0.56,2,48,7,0
2953,66.7,0.2,0.57,2,48,7,0
2954,66.6,0.2,0.57,2,48,7,0
2955,66.5,0.2,0.57,2,48,7,0
2956,66.4,0.2,0.57,2,48,7,0
2957,66.4,0.2,0.57,2,48,7,0
2958,66.3,0.19,0.57,2,48,7,0
2959,66.3,0.19,0.57,2,48,7,0
2960,66.1,0.19,0.57,2,48,7,0
2961,66,0.19,0.57,2,48,7,0
2962,65.9,0.19,0.58,2,48,7,0
2963,65.8,0.19,0.58,2,48,7,0
2964,65.7,0.19,0.58,2,48,7,0
2965,65.5,0.19,0.58,2,48,7,0
2966,65.4,0.19,0.58,2,48,7,0
2967,65.3,0.19,0.58,2,48,7,0
2968,65.2,0.19,0.58,2,48,7,0
2969,65.1,0.19,0.58,2,48,7,0
2970,64.9,0.19,0.58,2,48,7,0
2971,64.8,0.19,0.59,2,48,7,0
2972,64.7,0.19,0.59,2,48,7,0
2973,64.5,0.19,0.59,2,48,7,0
2974,64.4,0.19,0.59,2,48,7,0
2975,64.3,0.19,0.59,2,48,7,0
2976,64.2,0.19,0.59,2,48,7,0
2977,64,0.19,0.59,2,48,7,0
2978,63.9,0.18,0.59,2,48,7,0
2979,63.8,0.18,0.59,2,48,7,0
2980,63.6,0.18,0.6,2,48,7,0
2981,63.5,0.18,0.6,2,48,7,0
2982,63.4,0.18,0.6,2,48,7,0
2983,63.3,0.18,0.6,2,48,7,0
2984,63.1,0.18,0.6,2,48,7,0
2985,63,0.18,0.6,2,48,7,0
2986,62.9,0.18,0.6,2,48,7,0
2987,62.7,0.18,0.6,2,48,7,0
2988,62.6,0.18,0.6,2,48,7,0
2989,62.5,0.18,0.61,2,48,7,0
2990,62.3,0.18,0.61,2,48,7,0
2991,62.2,0.18,0.61,2,48,7,0
2992,62.1,0.18,0.61,2,48,7,0
2993,61.9,0.18,0.61,2,48,7,0
2994,61.8,0.18,0.61,2,48,7,0
2995,61.7,0.18,0.61,2,48,7,0
2996,61.5,0.18,0.61,2,48,7,0
2997,61.4,0.18,0.61,2,48,7,0
2998,61.2,0.17,0.62,2,48,7,0
2999,61.1,0.17,0.62,2,48,7,0
3000,61,0.17,0.62,2,48,7,0
3001,60.8,0.17,0.62,2,48,7,0
3002,60.7,0.17,0.62,2,48,7,0
3003,60.5,0.17,0.62,2,48,7,0
3004,60.4,0.17,0.62,2,48,7,0
3005,60.3,0.17,0.62,2,48,7,0
3006,60.1,0.17,0.62,2,48,7,0
3007,60,0.17,0.63,2,48,7,0
3008,59.8,0.17,0.63,2,48,7,0
3009,59.7,0.17,0.63,2,48,7,0
3010,59.6,0.17,0.63,2,48,7,0
3011,59.4,0.17,0.63,2,48,7,0
3012,59.3,0.17,0.63,2,48,7,0
3013,59.1,0.17,0.63,2,48,7,0
3014,59,0.17,0.63,2,48,7,0
3015,58.8,0.17,0.63,2,48,7,0
3016,58.7,0.17,0.64,2,48,7,0
3017,58.5,0.17,0.64,2,48,7,0
3018,58.4,0.16,0.64,2,48,7,0
3019,58.2,0.16,0.64,2,48,7,0
3020,58.1,0.16,0.64,2,48,7,0
3021,57.9,0.16,0.64,2,48,7,0
3022,57.8,0.16,0.64,2,48,7,0
3023,57.6,0.16,0.64,2,48,7,0
3024,57.5,0.16,0.64,2,48,7,0
3025,57.3,0.16,0.65,2,48,7,0
3026,57.2,0.16,0.65,2,48,7,0
3027,57,0.16,0.65,2,48,7,0
3028,56.9,0.16,0.65,2,48,7,0
3029,56.7,0.16,0.65,2,48,7,0
3030,56.6,0.16,0.65,2,48,7,0
3031,56.4,0.16,0.65,2,48,7,0
3032,56.3,0.16,0.65,2,48,7,0
3033,56.1,0.16,0.65,2,48,7,0
3034,56,0.16,0.65,2,48,7,0
3035,55.8,0.16,0.66,2,48,7,0
3036,55.7,0.16,0.66,2,48,7,0
3037,55.5,0.16,0.66,2,48,7,0
3038,55.4,0.15,0.66,2,48,7,0
3039,55.2,0.15,0.66,2,48,7,0
3040,55,0.15,0.66,2,48,7,0
3041,54.9,0.15,0.66,2,48,7,0
3042,54.8,0.15,0.66,2,48,7,0
3043,54.6,0.15,0.66,2,48,7,0
3044,54.5,0.15,0.67,2,48,7,0
3045,54.3,0.15,0.67,2,48,7,0
3046,54.2,0.15,0.67,2,48,7,0
3047,54.1,0.15,0.67,2,48,7,0
3048,54,0.15,0.67,2,48,7,0
3049,53.8,0.15,0.67,2,48,7,0
3050,53.7,0.15,0.67,2,48,7,0
3051,53.6,0.15,0.67,2,48,7,0
3052,53.5,0.15,0.67,2,48,7,0
3053,53.3,0.15,0.68,2,48,7,0
3054,53.2,0.15,0.68,2,48,7,0
3055,53.1,0.15,0.68,2,48,7,0
3056,53,0.15,0.68,2,48,7,0
3057,52.8,0.15,0.68,2,48,7,0
3058,52.7,0.14,0.68,2,48,7,0
3059,52.6,0.14,0.68,2,48,7,0
3060,52.5,0.14,0.68,2,48,7,0
3061,52.3,0.14,0.68,2,48,7,0
3062,52.2,0.14,0.69,2,48,7,0
3063,52.1,0.14,0.69,2,48,7,0
3064,52,0.14,0.69,2,48,7,0
3065,51.8,0.14,0.69,2,48,7,0
3066,51.7,0.14,0.69,2,48,7,0
3067,51.6,0.14,0.69,2,48,7,0
3068,52,0.14,0.69,2,48,7,0
3069,52.4,0.14,0.69,2,48,7,0
3070,52.8,0.14,0.69,2,48,7,0
3071,53.2,0.14,0.7,2,48,7,0
3072,53.6,0.14,0.7,2,48,7,0
3073,54,0.14,0.7,2,48,7,0
3074,54.4,0.14,0.7,2,48,7,0
3075,54.8,0.14,0.7,2,48,7,0
3076,55.2,0.14,0.7,2,48,7,0
3077,56.3,0.14,0.7,2,48,7,0
3078,57.3,0.13,0.7,2,48,7,0
3079,58.4,0.13,0.7,2,48,7,0
3080,59.4,0.13,0.71,2,48,7,0
3081,60.5,0.13,0.71,2,48,7,0
3082,61.5,0.13,0.71,2,48,7,0
3083,62.1,0.13,0.71,2,48,7,0
3084,62.6,0.13,0.71,2,48,7,0
3085,63.2,0.13,0.71,2,48,7,0
3086,63.7,0.13,0.71,2,48,7,0
3087,64.3,0.13,0.71,2,48,7,0
3088,64.8,0.13,0.71,2,48,7,0
3089,65.4,0.13,0.72,2,48,7,0
3090,65.9,0.13,0.72,2,48,7,0
3091,66.5,0.13,0.72,2,48,7,0
3092,67,0.13,0.72,2,48,7,0
3093,67.5,0.13,0.72,2,48,7,0
3094,67.5,0.13,0.72,2,48,7,0
3095,67.4,0.13,0.72,2,48,7,0
3096,67.3,0.13,0.72,2,48,7,0
3097,67.2,0.13,0.72,2,48,7,0
3098,67.2,0.12,0.73,2,48,7,0
3099,67.1,0.12,0.73,2,48,7,0
3100,67,0.12,0.73,2,48,7,0
3101,66.9,0.12,0.73,2,48,7,0
3102,66.8,0.12,0.73,2,48,7,0
3103,66.8,0.12,0.73,2,48,7,0
3104,66.7,0.12,0.73,2,48,7,0
3105,66.6,0.12,0.73,2,48,7,0
3106,66.5,0.12,0.73,2,48,7,0
3107,66.5,0.12,0.74,2,48,7,0
3108,66.4,0.12,0.74,2,48,7,0
3109,66.3,0.12,0.74,2,48,7,0
3110,66.2,0.12,0.74,2,48,7,0
3111,66.1,0.12,0.74,2,48,7,0
3112,66,0.12,0.74,2,48,7,0
3113,65.8,0.12,0.74,2,48,7,0
3114,65.7,0.12,0.74,2,48,7,0
3115,65.6,0.12,0.74,2,48,7,0
3116,65.4,0.12,0.75,2,48,7,0
3117,65.3,0.12,0.75,2,48,7,0
3118,65.1,0.11,0.75,2,48,7,0
3119,65,0.11,0.75,2,48,7,0
3120,64.9,0.11,0.75,2,48,7,0
3121,64.7,0.11,0.75,2,48,7,0
3122,64.6,0.11,0.75,2,48,7,0
3123,64.5,0.11,0.75,2,48,7,0
3124,64.3,0.11,0.75,2,48,7,0
3125,64.2,0.11,0.76,2,48,7,0
3126,64.1,0.11,0.76,2,48,7,0
3127,63.9,0.11,0.76,2,48,7,0
3128,63.8,0.11,0.76,2,48,7,0
3129,63.6,0.11,0.76,2,48,7,0
3130,63.5,0.11,0.76,2,48,7,0
3131,63.4,0.11,0.76,2,48,7,0
3132,63.2,0.11,0.76,2,48,7,0
3133,63.1,0.11,0.76,2,48,7,0
3134,63,0.11,0.76,2,48,7,0
3135,62.8,0.11,0.77,2,48,7,0
3136,62.7,0.11,0.77,2,48,7,0
3137,62.6,0.11,0.77,2,48,7,0
3138,62.4,0.1,0.77,2,48,7,0
3139,62.3,0.1,0.77,2,48,7,0
3140,62.1,0.1,0.77,2,48,7,0
3141,62,0.1,0.77,2,48,7,0
3142,61.9,0.1,0.77,2,48,7,0
3143,61.7,0.1,0.77,2,48,7,0
3144,61.6,0.1,0.78,2,48,7,0
3145,61.4,0.1,0.78,2,48,7,0
3146,61.3,0.1,0.78,2,48,7,0
3147,61.2,0.1,0.78,2,48,7,0
3148,61,0.1,0.78,2,48,7,0
3149,61.4,0.1,0.78,2,48,7,0
3150,61.8,0.1,0.78,2,48,7,0
3151,62.1,0.1,0.78,2,48,7,0
3152,62.5,0.1,0.78,2,48,7,0
3153,62.8,0.1,0.79,2,48,7,0
3154,62.7,0.1,0.79,2,48,7,0
3155,62.7,0.1,0.79,2,48,7,0
3156,62.6,0.1,0.79,2,48,7,0
3157,62.5,0.1,0.79,2,48,7,0
3158,62.4,0.09,0.79,2,48,7,0
3159,62.3,0.09,0.79,2,48,7,0
3160,62.3,0.09,0.79,2,48,7,0
3161,62.2,0.09,0.79,2,48,7,0
3162,62.1,0.09,0.8,2,48,7,0
3163,62,0.09,0.8,2,48,7,0
3164,61.9,0.09,0.8,2,48,7,0
3165,61.9,0.09,0.8,2,48,7,0
3166,61.8,0.09,0.8,2,48,7,0
3167,61.7,0.09,0.8,2,48,7,0
3168,61.6,0.09,0.8,2,48,7,0
3169,61.5,0.09,0.8,2,48,7,0
3170,61.5,0.09,0.8,2,48,7,0
3171,61.4,0.09,0.81,2,48,7,0
3172,61.3,0.09,0.81,2,48,7,0
3173,61.2,0.09,0.81,2,48,7,0
3174,61.1,0.09,0.81,2,48,7,0
3175,61.1,0.09,0.81,2,48,7,0
3176,61,0.09,0.81,2,48,7,0
3177,60.9,0.09,0.81,2,48,7,0
3178,60.8,0.08,0.81,2,48,7,0
3179,60.7,0.08,0.81,2,48,7,0
3180,60.7,0.08,0.82,2,48,7,0
3181,60.6,0.08,0.82,2,48,7,0
3182,60.4,0.08,0.82,2,48,7,0
3183,60.3,0.08,0.82,2,48,7,0
3184,60.1,0.08,0.82,2,48,7,0
3185,60,0.08,0.82,2,48,7,0
3186,59.8,0.08,0.82,2,48,7,0
3187,59.6,0.08,0.82,2,48,7,0
3188,59.5,0.08,0.82,2,48,7,0
3189,59.3,0.08,0.83,2,48,7,0
3190,59.2,0.08,0.83,2,48,7,0
3191,59.1,0.08,0.83,2,48,7,0
3192,58.9,0.08,0.83,2,48,7,0
3193,58.8,0.08,0.83,2,48,7,0
3194,58.7,0.08,0.83,2,48,7,0
3195,58.5,0.08,0.83,2,48,7,0
3196,58.4,0.08,0.83,2,48,7,0
3197,58.3,0.08,0.83,2,48,7,0
3198,58.1,0.07,0.84,2,48,7,0
3199,58,0.07,0.84,2,48,7,0
3200,57.9,0.07,0.84,2,48,7,0
3201,57.7,0.07,0.84,2,48,7,0
3202,57.6,0.07,0.84,2,48,7,0
3203,57.5,0.07,0.84,2,48,7,0
3204,57.4,0.07,0.84,2,48,7,0
3205,57.2,0.07,0.84,2,48,7,0
3206,57.1,0.07,0.84,2,48,7,0
3207,57,0.07,0.85,2,48,7,0
3208,56.9,0.07,0.85,2,48,7,0
3209,56.7,0.07,0.85,2,48,7,0
3210,56.6,0.07,0.85,2,48,7,0
3211,56.5,0.07,0.85,2,48,7,0
3212,56.3,0.07,0.85,2,48,7,0
3213,56.2,0.07,0.85,2,48,7,0
3214,56.1,0.07,0.85,2,48,7,0
3215,55.9,0.07,0.85,2,48,7,0
3216,55.8,0.07,0.86,2,48,7,0
3217,55.7,0.07,0.86,2,48,7,0
3218,55.5,0.06,0.86,2,48,7,0
3219,55.4,0.06,0.86,2,48,7,0
3220,55.3,0.06,0.86,2,48,7,0
3221,55.1,0.06,0.86,2,48,7,0
3222,55,0.06,0.86,2,48,7,0
3223,54.9,0.06,0.86,2,48,7,0
3224,54.7,0.06,0.86,2,48,7,0
3225,54.6,0.06,0.87,2,48,7,0
3226,54.4,0.06,0.87,2,48,7,0
3227,54.3,0.06,0.87,2,48,7,0
3228,54.2,0.06,0.87,2,48,7,0
3229,54,0.06,0.87,2,48,7,0
3230,53.9,0.06,0.87,2,48,7,0
3231,53.7,0.06,0.87,2,48,7,0
3232,53.6,0.06,0.87,2,48,7,0
3233,53.5,0.06,0.87,2,48,7,0
3234,53.3,0.06,0.87,2,48,7,0
3235,53.2,0.06,0.88,2,48,7,0
3236,53,0.06,0.88,2,48,7,0
3237,52.9,0.06,0.88,2,48,7,0
3238,52.7,0.05,0.88,2,48,7,0
3239,52.6,0.05,0.88,2,48,7,0
3240,52.5,0.05,0.88,2,48,7,0
3241,52.3,0.05,0.88,2,48,7,0
3242,52.2,0.05,0.88,2,48,7,0
3243,52,0.05,0.88,2,48,7,0
3244,51.9,0.05,0.89,2,48,7,0
3245,51.7,0.05,0.89,2,48,7,0
3246,51.6,0.05,0.89,2,48,7,0
3247,51.4,0.05,0.89,2,48,7,0
3248,51.3,0.05,0.89,2,48,7,0
3249,51.1,0.05,0.89,2,48,7,0
3250,51,0.05,0.89,2,48,7,0
3251,50.8,0.05,0.89,2,48,7,0
3252,50.7,0.05,0.89,2,48,7,0
3253,50.5,0.05,0.9,2,48,7,0
3254,50.4,0.05,0.9,2,48,7,0
3255,50.2,0.05,0.9,2,48,7,0
3256,50.1,0.05,0.9,2,48,7,0
3257,49.9,0.05,0.9,2,48,7,0
3258,49.8,0.04,0.9,2,48,7,0
3259,49.6,0.04,0.9,2,48,7,0
3260,49.5,0.04,0.9,2,48,7,0
3261,49.3,0.04,0.9,2,48,7,0
3262,49.2,0.04,0.91,2,48,7,0
3263,49,0.04,0.91,2,48,7,0
3264,48.9,0.04,0.91,2,48,7,0
3265,48.7,0.04,0.91,2,48,7,0
3266,48.6,0.04,0.91,2,48,7,0
3267,48.4,0.04,0.91,2,48,7,0
3268,48.3,0.04,0.91,2,48,7,0
3269,48.1,0.04,0.91,2,48,7,0
3270,48,0.04,0.91,2,48,7,0
3271,47.8,0.04,0.92,2,48,7,0
3272,47.7,0.04,0.92,2,48,7,0
3273,47.5,0.04,0.92,2,48,7,0
3274,47.4,0.04,0.92,2,48,7,0
3275,47.2,0.04,0.92,2,48,7,0
3276,47.1,0.04,0.92,2,48,7,0
3277,46.9,0.04,0.92,2,48,7,0
3278,46.8,0.03,0.92,2,48,7,0
3279,46.7,0.03,0.92,2,48,7,0
3280,46.5,0.03,0.93,2,48,7,0
3281,46.4,0.03,0.93,2,48,7,0
3282,46.3,0.03,0.93,2,48,7,0
3283,46.1,0.03,0.93,2,48,7,0
3284,46,0.03,0.93,2,48,7,0
3285,45.9,0.03,0.93,2,48,7,0
3286,45.7,0.03,0.93,2,48,7,0
3287,45.6,0.03,0.93,2,48,7,0
3288,45.5,0.03,0.93,2,48,7,0
3289,45.3,0.03,0.94,2,48,7,0
3290,45.2,0.03,0.94,2,48,7,0
3291,45.1,0.03,0.94,2,48,7,0
3292,44.9,0.03,0.94,2,48,7,0
3293,44.8,0.03,0.94,2,48,7,0
3294,44.6,0.03,0.94,2,48,7,0
3295,44.5,0.03,0.94,2,48,7,0
3296,44.4,0.03,0.94,2,48,7,0
3297,44.2,0.03,0.94,2,48,7,0
3298,44.1,0.02,0.95,2,48,7,0
3299,43.9,0.02,0.95,2,48,7,0
3300,43.8,0.02,0.95,2,48,7,0
3301,43.7,0.02,0.95,2,48,7,0
3302,43.5,0.02,0.95,2,48,7,0
3303,43.4,0.02,0.95,2,48,7,0
3304,43.2,0.02,0.95,2,48,7,0
3305,43.1,0.02,0.95,2,48,7,0
3306,42.9,0.02,0.95,2,48,7,0
3307,42.8,0.02,0.96,2,48,7,0
3308,42.7,0.02,0.96,2,48,7,0
3309,42.5,0.02,0.96,2,48,7,0
3310,42.4,0.02,0.96,2,48,7,0
3311,42.2,0.02,0.96,2,48,7,0
3312,42.1,0.02,0.96,2,48,7,0
3313,41.9,0.02,0.96,2,48,7,0
3314,41.8,0.02,0.96,2,48,7,0
3315,41.6,0.02,0.96,2,48,7,0
3316,41.5,0.02,0.97,2,48,7,0
3317,41.3,0.02,0.97,2,48,7,0
3318,41.2,0.01,0.97,2,48,7,0
3319,41.1,0.01,0.97,2,48,7,0
3320,40.9,0.01,0.97,2,48,7,0
3321,40.8,0.01,0.97,2,48,7,0
3322,40.6,0.01,0.97,2,48,7,0
3323,40.5,0.01,0.97,2,48,7,0
3324,40.3,0.01,0.97,2,48,7,0
3325,40.2,0.01,0.98,2,48,7,0
3326,40.1,0.01,0.98,2,48,7,0
3327,39.9,0.01,0.98,2,48,7,0
3328,39.8,0.01,0.98,2,48,7,0
3329,39.6,0.01,0.98,2,48,7,0
3330,39.5,0.01,0.98,2,48,7,0
3331,39.3,0.01,0.98,2,48,7,0
3332,78.5,0.02,1,1,49,7,0
3333,78.3,0.01,1,1,49,7,0
3334,78.2,0.01,1,1,49,7,0
3335,78.1,0.01,1,1,49,7,0
3336,78,0.01,1,1,49,7,0
3337,77.8,0.01,1,1,49,7,0
3338,77.7,0.01,1,1,49,7,0
3339,77.6,0.01,1,1,49,7,0
3340,77.5,0.01,1,1,49,7,0
3341,77.4,0.01,1,1,49,7,0
3342,77.2,0.01,1,1,49,7,0
3343,77.1,0,1,1,49,7,0
3344,77,0,1,1,49,7,0
3345,76.9,0,1,1,49,7,0
3346,76.8,0,1,1,49,7,0
3347,76.6,0,1,1,49,7,0
3348,76.5,0,1,1,49,7,0
3349,76.4,0,1,1,49,7,0
3350,76.3,0,1,1,49,7,0
3351,76.1,0,1,1,49,7,0
3352,76,0,1,1,49,7,0
3353,75.9,0,1,1,49,7,0
3354,75.8,0,1,1,49,7,0
3355,75.6,0,1,1,49,7,0
3356,75.5,0,1,1,49,7,0
3357,75.4,0,1,1,49,7,0
3358,75.3,0,1,1,49,7,0
3359,75.1,0,1,1,49,7,0
3360,75,0,1,1,49,7,0
3361,74.9,0,1,1,49,7,0
3362,74.8,0,1,1,49,7,0
3363,74.6,0,1,1,49,7,0
3364,74.5,0,1,1,49,7,0
3365,74.4,0,1,1,49,7,0
3366,74.3,0,1,1,49,7,0
3367,74.1,0,1,1,49,7,0
3368,74,0,1,1,49,7,0
3369,73.9,0,1,1,49,7,0
3370,73.7,0,1,1,49,7,0
3371,73.6,0,1,1,49,7,0
3372,73.5,0,1,1,49,7,0
3373,73.4,0,1,1,49,7,0
3374,73.2,0,1,1,49,7,0
3375,73.1,0,1,1,49,7,0
3376,73,0,1,1,49,7,0
3377,72.9,0,1,1,49,7,0
3378,72.7,0,1,1,49,7,0
3379,72.6,0,1,1,49,7,0
3380,72.5,0,1,1,49,7,0
3381,72.3,0,1,1,49,7,0
3382,72.2,0,1,1,49,7,0
3383,72.1,0,1,1,49,7,0
3384,71.9,0,1,1,49,7,0
3385,71.8,0,1,1,49,7,0
3386,71.7,0,1,1,49,7,0
3387,71.6,0,1,1,49,7,0
3388,71.4,0,1,1,49,7,0
3389,71.3,0,1,1,49,7,0
3390,71.2,0,1,1,49,7,0
3391,71,0,1,1,49,7,0
3392,70.9,0,1,1,49,7,0
3393,70.8,0,1,1,49,7,0
3394,70.6,0,1,1,49,7,0
3395,70.5,0,1,1,49,7,0
3396,70.4,0,1,1,49,7,0
3397,70.2,0,1,1,49,7,0
3398,70.1,0,1,1,49,7,0
3399,70,0,1,1,49,7,0
3400,69.8,0,1,1,49,7,0
3401,69.7,0,1,1,49,7,0
3402,69.5,0,1,1,49,7,0
3403,69.4,0,1,1,49,7,0
3404,69.3,0,1,1,49,7,0
3405,69.1,0,1,1,49,7,0
3406,69,0,1,1,49,7,0
3407,68.9,0,1,1,49,7,0
3408,68.7,0,1,1,49,7,0
3409,68.6,0,1,1,49,7,0
3410,68.4,0,1,1,49,7,0
3411,69.5,0,1,1,49,7,0
3412,70.7,0,1,1,49,7,0
3413,71.8,0,1,1,49,7,0
3414,72.3,0,1,1,49,7,0
3415,72.2,0,1,1,49,7,0
3416,72,0,1,1,49,7,0
3417,71.9,0,1,1,49,7,0
3418,71.8,0,1,1,49,7,0
3419,71.6,0,1,1,49,7,0
3420,71.5,0,1,1,49,7,0
3421,71.4,0,1,1,49,7,0
3422,71.2,0,1,1,49,7,0
3423,71.1,0,1,1,49,7,0
3424,71,0,1,1,49,7,0
3425,70.8,0,1,1,49,7,0
3426,70.7,0,1,1,49,7,0
3427,70.6,0,1,1,49,7,0
3428,70.4,0,1,1,49,7,0
3429,70.3,0,1,1,49,7,0
3430,70.1,0,1,1,49,7,0
3431,70,0,1,1,49,7,0
3432,69.9,0,1,1,49,7,0
3433,69.7,0,1,1,49,7,0
3434,69.6,0,1,1,49,7,0
3435,69.5,0,1,1,49,7,0
3436,69.3,0,1,1,49,7,0
3437,69.2,0,1,1,49,7,0
3438,69,0,1,1,49,7,0
3439,68.9,0,1,1,49,7,0
3440,68.8,0,1,1,49,7,0
3441,68.6,0,1,1,49,7,0
3442,68.5,0,1,1,49,7,0
3443,68.3,0,1,1,49,7,0
3444,68.2,0,1,1,49,7,0
3445,68.1,0,1,1,49,7,0
3446,67.9,0,1,1,49,7,0
3447,67.8,0,1,1,49,7,0
3448,67.6,0,1,1,49,7,0
3449,67.5,0,1,1,49,7,0
3450,67.3,0,1,1,49,7,0
3451,67.2,0,1,1,49,7,0
3452,67,0,1,1,49,7,0
3453,66.9,0,1,1,49,7,0
3454,66.8,0,1,1,49,7,0
3455,66.6,0,1,1,49,7,0
3456,66.5,0,1,1,49,7,0
3457,66.3,0,1,1,49,7,0
3458,66.2,0,1,1,49,7,0
3459,66,0,1,1,49,7,0
3460,65.9,0,1,1,49,7,0
3461,65.7,0,1,1,49,7,0
3462,65.6,0,1,1,49,7,0
3463,65.4,0,1,1,49,7,0
3464,65.3,0,1,1,49,7,0
3465,65.1,0,1,1,49,7,0
3466,65,0,1,1,49,7,0
3467,64.8,0,1,1,49,7,0
3468,64.7,0,1,1,49,7,0
3469,64.5,0,1,1,49,7,0
3470,64.4,0,1,1,49,7,0
3471,64.2,0,1,1,49,7,0
3472,64.1,0,1,1,49,7,0
3473,63.9,0,1,1,49,7,0
3474,63.8,0,1,1,49,7,0
3475,63.6,0,1,1,49,7,0
3476,63.5,0,1,1,49,7,0
3477,63.4,0,1,1,49,7,0
3478,63.2,0,1,1,49,7,0
3479,63.1,0,1,1,49,7,0
3480,62.9,0,1,1,49,7,0
3481,62.8,0,1,1,49,7,0
3482,62.6,0,1,1,49,7,0
3483,62.5,0,1,1,49,7,0
3484,62.3,0,1,1,49,7,0
3485,62.2,0,1,1,49,7,0
3486,62,0,1,1,49,7,0
3487,61.9,0,1,1,49,7,0
3488,61.7,0,1,1,49,7,0
3489,61.6,0,1,1,49,7,0
3490,61.4,0,1,1,49,7,0
3491,61.3,0,1,1,49,7,0
3492,61.2,0,1,1,49,7,0
3493,61,0,1,1,49,7,0
3494,60.9,0,1,1,49,7,0
3495,60.7,0,1,1,49,7,0
3496,60.6,0,1,1,49,7,0
3497,60.4,0,1,1,49,7,0
3498,60.3,0,1,1,49,7,0
3499,60.2,0,1,1,49,7,0
3500,60,0,1,1,49,7,0
3501,59.9,0,1,1,49,7,0
3502,59.7,0,1,1,49,7,0
3503,59.6,0,1,1,49,7,0
3504,59.4,0,1,1,49,7,0
3505,59.3,0,1,1,49,7,0
3506,59.2,0,1,1,49,7,0
3507,59,0,1,1,49,7,0
3508,58.9,0,1,1,49,7,0
3509,58.7,0,1,1,49,7,0
3510,58.6,0,1,1,49,7,0
3511,58.5,0,1,1,49,7,0
3512,58.3,0,1,1,49,7,0
3513,58.2,0,1,1,49,7,0
3514,58,0,1,1,49,7,0
3515,57.9,0,1,1,49,7,0
3516,57.7,0,1,1,49,7,0
3517,57.6,0,1,1,49,7,0
3518,57.5,0,1,1,49,7,0
3519,57.3,0,1,1,49,7,0
3520,57.2,0,1,1,49,7,0
3521,57,0,1,1,49,7,0
3522,56.9,0,1,1,49,7,0
3523,56.7,0,1,1,49,7,0
3524,56.6,0,1,1,49,7,0
3525,56.5,0,1,1,49,7,0
3526,56.3,0,1,1,49,7,0
3527,56.2,0,1,1,49,7,0
3528,56,0,1,1,49,7,0
3529,55.9,0,1,1,49,7,0
3530,55.8,0,1,1,49,7,0
3531,55.6,0,1,1,49,7,0
3532,55.5,0,1,1,49,7,0
3533,55.3,0,1,1,49,7,0
3534,55.2,0,1,1,49,7,0
3535,55,0,1,1,49,7,0
3536,54.9,0,1,1,49,7,0
3537,54.8,0,1,1,49,7,0
3538,54.6,0,1,1,49,7,0
3539,54.5,0,1,1,49,7,0
3540,54.3,0,1,1,49,7,0
3541,54.2,0,1,1,49,7,0
3542,54.1,0,1,1,49,7,0
3543,53.9,0,1,1,49,7,0
3544,53.8,0,1,1,49,7,0
3545,53.6,0,1,1,49,7,0
3546,53.5,0,1,1,49,7,0
3547,53.3,0,1,1,49,7,0
3548,53.2,0,1,1,49,7,0
3549,53.1,0,1,1,49,7,0
3550,52.9,0,1,1,49,7,0
3551,52.8,0,1,1,49,7,0
3552,52.6,0,1,1,49,7,0
3553,52.5,0,1,1,49,7,0
3554,52.4,0,1,1,49,7,0
3555,52.2,0,1,1,49,7,0
3556,52.1,0,1,1,49,7,0
3557,51.9,0,1,1,49,7,0
3558,51.8,0,1,1,49,7,0
3559,51.6,0,1,1,49,7,0
3560,51.5,0,1,1,49,7,0
3561,51.4,0,1,1,49,7,0
3562,51.2,0,1,1,49,7,0
3563,51.1,0,1,1,49,7,0
3564,50.9,0,1,1,49,7,0
3565,50.8,0,1,1,49,7,0
3566,50.6,0,1,1,49,7,0
3567,50.5,0,1,1,49,7,0
3568,50.4,0,1,1,49,7,0
3569,50.2,0,1,1,49,7,0
3570,50.1,0,1,1,49,7,0
3571,49.9,0,1,1,49,7,0
3572,49.8,0,1,1,49,7,0
3573,49.6,0,1,1,49,7,0
3574,49.5,0,1,1,49,7,0
3575,49.4,0,1,1,49,7,0
3576,49.2,0,1,1,49,7,0
3577,49.1,0,1,1,49,7,0
3578,48.9,0,1,1,49,7,0
3579,48.8,0,1,1,49,7,0
3580,48.6,0,1,1,49,7,0
3581,48.5,0,1,1,49,7,0
3582,48.3,0,1,1,49,7,0
3583,48.2,0,1,1,49,7,0
3584,48.1,0,1,1,49,7,0
3585,47.9,0,1,1,49,7,0
3586,47.8,0,1,1,49,7,0
3587,47.6,0,1,1,49,7,0
3588,47.5,0,1,1,49,7,0
3589,47.3,0,1,1,49,7,0
3590,47.2,0,1,1,49,7,0
3591,47,0,1,1,49,7,0
3592,46.9,0,1,1,49,7,0
3593,46.8,0,1,1,49,7,0
3594,46.6,0,1,1,49,7,0
3595,46.5,0,1,1,49,7,0
3596,46.3,0,1,1,49,7,0
3597,46.2,0,1,1,49,7,0
3598,46,0,1,1,49,7,0
3599,45.9,0,1,1,49,7,0
3600,45.7,0,1,1,49,7,0
3601,45.6,0,1,1,49,7,0
3602,45.4,0,1,1,49,7,0
3603,45.3,0,1,1,49,7,0
3604,45.2,0,1,1,49,7,0
3605,45,0,1,1,49,7,0
3606,44.9,0,1,1,49,7,0
3607,44.7,0,1,1,49,7,0
3608,44.6,0,1,1,49,7,0
3609,44.4,0,1,1,49,7,0
3610,44.3,0,1,1,49,7,0
3611,44.1,0,1,1,49,7,0
3612,44,0,1,1,49,7,0
3613,43.8,0,1,1,49,7,0
3614,43.7,0,1,1,49,7,0
3615,43.5,0,1,1,49,7,0
3616,43.4,0,1,1,49,7,0
3617,43.2,0,1,1,49,7,0
3618,43.1,0,1,1,49,7,0
3619,42.9,0,1,1,49,7,0
3620,42.8,0,1,1,49,7,0
3621,42.6,0,1,1,49,7,0
3622,42.5,0,1,1,49,7,0
3623,42.3,0,1,1,49,7,0
3624,42.2,0,1,1,49,7,0
3625,42,0,1,1,49,7,0
3626,41.9,0,1,1,49,7,0
3627,41.7,0,1,1,49,7,0
3628,41.6,0,1,1,49,7,0
3629,41.4,0,1,1,49,7,0
3630,41.3,0,1,1,49,7,0
3631,41.1,0,1,1,49,7,0
3632,41,0,1,1,49,7,0
3633,40.8,0,1,1,49,7,0
3634,40.7,0,1,1,49,7,0
3635,40.5,0,1,1,49,7,0
3636,40.4,0,1,1,49,7,0
3637,40.2,0,1,1,49,7,0
3638,40.1,0,1,1,49,7,0
3639,39.9,0,1,1,49,7,0
3640,39.8,0,1,1,49,7,0
3641,39.6,0,1,1,49,7,0
3642,39.5,0,1,1,49,7,0
3643,39.3,0,1,1,49,7,0
3644,39.1,0,1,1,49,7,0
3645,39,0,1,1,49,7,0
3646,38.8,0,1,1,49,7,0
3647,38.7,0,1,1,49,7,0
3648,38.5,0,1,1,49,7,0
3649,38.4,0,1,1,49,7,0
3650,38.2,0,1,1,49,7,0
3651,38.1,0,1,1,49,7,0
3652,37.9,0,1,1,49,7,0
3653,37.8,0,1,1,49,7,0
3654,37.6,0,1,1,49,7,0
3655,37.5,0,1,1,49,7,0
3656,37.3,0,1,1,49,7,0
3657,37.2,0,1,1,49,7,0
3658,37,0,1,1,49,7,0
3659,36.9,0,1,1,49,7,0
3660,36.7,0,1,1,49,7,0
3661,36.6,0,1,1,49,7,0
3662,36.4,0,1,1,49,7,0
3663,36.3,0,1,1,49,7,0
3664,36.1,0,1,1,49,7,0
3665,36,0,1,1,49,7,0
3666,35.8,0,1,1,49,7,0
3667,35.7,0,1,1,49,7,0
3668,35.5,0,1,1,49,7,0
3669,35.4,0,1,1,49,7,0
3670,35.2,0,1,1,49,7,0
3671,35.1,0,1,1,49,7,0
3672,34.9,0,1,1,49,7,0
3673,34.8,0,1,1,49,7,0
3674,34.6,0,1,1,49,7,0
3675,34.5,0,1,1,49,7,0
3676,34.3,0,1,1,49,7,0
3677,34.2,0,1,1,49,7,0
3678,34,0,1,1,49,7,0
3679,33.9,0,1,1,49,7,0
3680,33.7,0,1,1,49,7,0
3681,33.6,0,1,1,49,7,0
3682,33.5,0,1,1,49,7,0
3683,33.3,0,1,1,49,7,0
3684,33.2,0,1,1,49,7,0
3685,33,0,1,1,49,7,0
3686,32.9,0,1,1,49,7,0
3687,32.7,0,1,1,49,7,0
3688,32.6,0,1,1,49,7,0
3689,32.4,0,1,1,49,7,0
3690,32.3,0,1,1,49,7,0
3691,32.1,0,1,1,49,7,0
3692,32,0,1,1,49,7,0
3693,31.9,0,1,1,49,7,0
3694,31.7,0,1,1,49,7,0
3695,31.6,0,1,1,49,7,0
3696,31.4,0,1,1,49,7,0
3697,31.3,0,1,1,49,7,0
3698,31.1,0,1,1,49,7,0
3699,31,0,1,1,49,7,0
3700,30.8,0,1,1,49,7,0
3701,30.7,0,1,1,49,7,0
3702,30.6,0,1,1,49,7,0
3703,30.4,0,1,1,49,7,0
3704,30.3,0,1,1,49,7,0
3705,30.1,0,1,1,49,7,0
3706,30,0,1,1,49,7,0
3707,29.8,0,1,1,49,7,0
3708,29.7,0,1,1,49,7,0
3709,29.6,0,1,1,49,7,0
3710,29.4,0,1,1,49,7,0
3711,29.3,0,1,1,49,7,0
3712,29.1,0,1,1,49,7,0
3713,29,0,1,1,49,7,0
3714,28.8,0,1,1,49,7,0
3715,28.7,0,1,1,49,7,0
3716,28.6,0,1,1,49,7,0
3717,28.4,0,1,1,49,7,0
3718,28.3,0,1,1,49,7,0
3719,28.1,0,1,1,49,7,0
3720,28,0,1,1,49,7,0
3721,27.8,0,1,1,49,7,0
3722,27.7,0,1,1,49,7,0
3723,27.6,0,1,1,49,7,0
3724,27.4,0,1,1,49,7,0
3725,27.3,0,1,1,49,7,0
3726,27.1,0,1,1,49,7,0
3727,27,0,1,1,49,7,0
3728,26.9,0,1,1,49,7,0
3729,26.7,0,1,1,49,7,0
3730,26.6,0,1,1,49,7,0
3731,26.4,0,1,1,49,7,0
3732,26.3,0,1,1,49,7,0
3733,26.1,0,1,1,49,7,0
3734,26,0,1,1,49,7,0
3735,25.9,0,1,1,49,7,0
3736,25.7,0,1,1,49,7,0
3737,25.6,0,1,1,49,7,0
3738,25.4,0,1,1,49,7,0
3739,25.3,0,1,1,49,7,0
3740,25.1,0,1,1,49,7,0
3741,25,0,1,1,49,7,0
3742,24.9,0,1,1,49,7,0
3743,24.7,0,1,1,49,7,0
3744,24.6,0,1,1,49,7,0
3745,24.4,0,1,1,49,7,0
3746,24.3,0,1,1,49,7,0
3747,24.1,0,1,1,49,7,0
3748,24,0,1,1,49,7,0
3749,23.9,0,1,1,49,7,0
3750,23.7,0,1,1,49,7,0
3751,23.6,0,1,1,49,7,0
3752,23.4,0,1,1,49,7,0
3753,23.3,0,1,1,49,7,0
3754,23.1,0,1,1,49,7,0
3755,23,0,1,1,49,7,0
3756,22.8,0,1,1,49,7,0
3757,22.7,0,1,1,49,7,0
3758,22.6,0,1,1,49,7,0
3759,22.4,0,1,1,49,7,0
3760,22.3,0,1,1,49,7,0
3761,22.1,0,1,1,49,7,0
3762,22,0,1,1,49,7,0
3763,21.8,0,1,1,49,7,0
3764,21.7,0,1,1,49,7,0
3765,21.6,0,1,1,49,7,0
3766,21.4,0,1,1,49,7,0
3767,21.3,0,1,1,49,7,0
3768,21.1,0,1,1,49,7,0
3769,21,0,1,1,49,7,0
3770,20.8,0,1,1,49,7,0
3771,20.7,0,1,1,49,7,0
3772,20.5,0,1,1,49,7,0
3773,20.4,0,1,1,49,7,0
3774,20.3,0,1,1,49,7,0
3775,20.1,0,1,1,49,7,0
3776,20,0,1,1,49,7,0
3777,19.8,0,1,1,49,7,0
3778,19.7,0,1,1,49,7,0
3779,19.5,0,1,1,49,7,0
3780,19.4,0,1,1,49,7,0
3781,19.2,0,1,1,49,7,0
3782,19.1,0,1,1,49,7,0
3783,19,0,1,1,49,7,0
3784,18.8,0,1,1,49,7,0
3785,18.7,0,1,1,49,7,0
3786,18.5,0,1,1,49,7,0
3787,18.4,0,1,1,49,7,0
3788,18.2,0,1,1,49,7,0
3789,18.1,0,1,1,49,7,0
3790,18,0,1,1,49,7,0
3791,17.8,0,1,1,49,7,0
3792,17.7,0,1,1,49,7,0
3793,17.5,0,1,1,49,7,0
3794,17.4,0,1,1,49,7,0
3795,17.3,0,1,1,49,7,0
3796,17.1,0,1,1,49,7,0
3797,17,0,1,1,49,7,0
3798,16.8,0,1,1,49,7,0
3799,16.7,0,1,1,49,7,0
3800,16.5,0,1,1,49,7,0
3801,16.4,0,1,1,49,7,0
3802,16.3,0,1,1,49,7,0
3803,16.1,0,1,1,49,7,0
3804,16,0,1,1,49,7,0
3805,15.8,0,1,1,49,7,0
3806,15.7,0,1,1,49,7,0
3807,15.6,0,1,1,49,7,0
3808,15.4,0,1,1,49,7,0
3809,15.3,0,1,1,49,7,0
3810,15.1,0,1,1,49,7,0
3811,15,0,1,1,49,7,0
3812,14.9,0,1,1,49,7,0
3813,14.7,0,1,1,49,7,0
3814,14.6,0,1,1,49,7,0
3815,14.4,0,1,1,49,7,0
3816,14.3,0,1,1,49,7,0
3817,14.2,0,1,1,49,7,0
3818,14,0,1,1,49,7,0
3819,13.9,0,1,1,49,7,0
3820,13.7,0,1,1,49,7,0
3821,13.6,0,1,1,49,7,0
3822,13.5,0,1,1,49,7,0
3823,13.3,0,1,1,49,7,0
3824,13.2,0,1,1,49,7,0
3825,13,0,1,1,49,7,0
3826,12.9,0,1,1,49,7,0
3827,14.1,0,1,1,49,7,0
3828,15.4,0,1,1,49,7,0
3829,16.7,0,1,1,49,7,0
3830,17.9,0,1,1,49,7,0
3831,19.2,0,1,1,49,7,0
3832,20.4,0,1,1,49,7,0
3833,21.7,0,1,1,49,7,0
3834,22.9,0,1,1,49,7,0
3835,24.2,0,1,1,49,7,0
3836,25.4,0,1,1,49,7,0
3837,26.6,0,1,1,49,7,0
3838,27.9,0,1,1,49,7,0
3839,29.1,0,1,1,49,7,0
3840,30.4,0,1,1,49,7,0
3841,31.6,0,1,1,49,7,0
3842,32.9,0,1,1,49,7,0
3843,34.1,0,1,1,49,7,0
3844,35.4,0,1,1,49,7,0
3845,36.6,0,1,1,49,7,0
3846,37.9,0,1,1,49,7,0
3847,39.1,0,1,1,49,7,0
3848,40.4,0,1,1,49,7,0
3849,41.6,0,1,1,49,7,0
3850,42.8,0,1,1,49,7,0
3851,44.1,0,1,1,49,7,0
3852,45.3,0,1,1,49,7,0
3853,46.6,0,1,1,49,7,0
3854,47.8,0,1,1,49,7,0
3855,49.1,0,1,1,49,7,0
3856,50.3,0,1,1,49,7,0
3857,51.5,0,1,1,49,7,0
3858,52.8,0,1,1,49,7,0
3859,52.6,0,1,1,49,7,0
3860,52.5,0,1,1,49,7,0
3861,52.3,0,1,1,49,7,0
3862,52.2,0,1,1,49,7,0
3863,52.1,0,1,1,49,7,0
3864,51.9,0,1,1,49,7,0
3865,51.8,0,1,1,49,7,0
3866,51.6,0,1,1,49,7,0
3867,51.5,0,1,1,49,7,0
3868,51.4,0,1,1,49,7,0
3869,51.2,0,1,1,49,7,0
3870,51.1,0,1,1,49,7,0
3871,50.9,0,1,1,49,7,0
3872,50.8,0,1,1,49,7,0
3873,50.7,0,1,1,49,7,0
3874,50.5,0,1,1,49,7,0
3875,50.4,0,1,1,49,7,0
3876,50.2,0,1,1,49,7,0
3877,50.1,0,1,1,49,7,0
3878,49.9,0,1,1,49,7,0
3879,49.8,0,1,1,49,7,0
3880,49.7,0,1,1,49,7,0
3881,49.5,0,1,1,49,7,0
3882,49.4,0,1,1,49,7,0
3883,49.2,0,1,1,49,7,0
3884,49.1,0,1,1,49,7,0
3885,49,0,1,1,49,7,0
3886,48.8,0,1,1,49,7,0
3887,48.7,0,1,1,49,7,0
3888,48.5,0,1,1,49,7,0
3889,48.4,0,1,1,49,7,0
3890,48.2,0,1,1,49,7,0
3891,48.1,0,1,1,49,7,0
3892,48,0,1,1,49,7,0
3893,47.8,0,1,1,49,7,0
3894,47.7,0,1,1,49,7,0
3895,47.5,0,1,1,49,7,0
3896,47.4,0,1,1,49,7,0
3897,47.2,0,1,1,49,7,0
3898,47.1,0,1,1,49,7,0
3899,47,0,1,1,49,7,0
3900,46.8,0,1,1,49,7,0
3901,46.7,0,1,1,49,7,0
3902,46.5,0,1,1,49,7,0
3903,46.4,0,1,1,49,7,0
3904,46.2,0,1,1,49,7,0
3905,46.1,0,1,1,49,7,0
3906,46,0,1,1,49,7,0
3907,45.8,0,1,1,49,7,0
3908,45.7,0,1,1,49,7,0
3909,45.5,0,1,1,49,7,0
3910,45.4,0,1,1,49,7,0
3911,45.2,0,1,1,49,7,0
3912,45.1,0,1,1,49,7,0
3913,45,0,1,1,49,7,0
3914,44.8,0,1,1,49,7,0
3915,44.7,0,1,1,49,7,0
3916,44.5,0,1,1,49,7,0
3917,44.4,0,1,1,49,7,0
3918,44.2,0,1,1,49,7,0
3919,44.1,0,1,1,49,7,0
3920,43.9,0,1,1,49,7,0
3921,43.8,0,1,1,49,7,0
3922,43.6,0,1,1,49,7,0
3923,43.5,0,1,1,49,7,0
3924,43.4,0,1,1,49,7,0
3925,43.2,0,1,1,49,7,0
3926,43.1,0,1,1,49,7,0
3927,42.9,0,1,1,49,7,0
3928,42.8,0,1,1,49,7,0
3929,42.6,0,1,1,49,7,0
3930,42.5,0,1,1,49,7,0
3931,42.3,0,1,1,49,7,0
3932,42.2,0,1,1,49,7,0
3933,42,0,1,1,49,7,0
3934,41.9,0,1,1,49,7,0
3935,41.7,0,1,1,49,7,0
3936,41.6,0,1,1,49,7,0
3937,41.4,0,1,1,49,7,0
3938,41.3,0,1,1,49,7,0
3939,41.1,0,1,1,49,7,0
3940,41,0,1,1,49,7,0
3941,40.8,0,1,1,49,7,0
3942,40.7,0,1,1,49,7,0
3943,40.5,0,1,1,49,7,0
3944,40.4,0,1,1,49,7,0
3945,40.2,0,1,1,49,7,0
3946,40.1,0,1,1,49,7,0
3947,39.9,0,1,1,49,7,0
3948,39.8,0,1,1,49,7,0
3949,39.6,0,1,1,49,7,0
3950,39.5,0,1,1,49,7,0
3951,39.3,0,1,1,49,7,0
3952,39.2,0,1,1,49,7,0
3953,39,0,1,1,49,7,0
3954,38.9,0,1,1,49,7,0
3955,38.7,0,1,1,49,7,0
3956,38.6,0,1,1,49,7,0
3957,38.4,0,1,1,49,7,0
3958,38.3,0,1,1,49,7,0
3959,38.1,0,1,1,49,7,0
3960,38,0,1,1,49,7,0
3961,37.8,0,1,1,49,7,0
3962,37.7,0,1,1,49,7,0
3963,37.5,0,1,1,49,7,0
3964,37.4,0,1,1,49,7,0
3965,37.2,0,1,1,49,7,0
3966,37.1,0,1,1,49,7,0
3967,36.9,0,1,1,49,7,0
3968,36.8,0,1,1,49,7,0
3969,36.7,0,1,1,49,7,0
3970,36.5,0,1,1,49,7,0
3971,36.4,0,1,1,49,7,0
3972,36.2,0,1,1,49,7,0
3973,36.1,0,1,1,49,7,0
3974,35.9,0,1,1,49,7,0
3975,35.8,0,1,1,49,7,0
3976,35.6,0,1,1,49,7,0
3977,35.5,0,1,1,49,7,0
3978,35.3,0,1,1,49,7,0
3979,35.2,0,1,1,49,7,0
3980,35,0,1,1,49,7,0
3981,34.9,0,1,1,49,7,0
3982,34.7,0,1,1,49,7,0
3983,34.6,0,1,1,49,7,0
3984,34.4,0,1,1,49,7,0
3985,34.3,0,1,1,49,7,0
3986,34.1,0,1,1,49,7,0
3987,34,0,1,1,49,7,0
3988,33.8,0,1,1,49,7,0
3989,33.7,0,1,1,49,7,0
3990,33.5,0,1,1,49,7,0
3991,33.4,0,1,1,49,7,0
3992,33.3,0,1,1,49,7,0
3993,33.1,0,1,1,49,7,0
3994,33,0,1,1,49,7,0
3995,32.8,0,1,1,49,7,0
3996,32.7,0,1,1,49,7,0
3997,32.5,0,1,1,49,7,0
3998,32.4,0,1,1,49,7,0
3999,32.2,0,1,1,49,7,0
4000,32.1,0,1,1,49,7,0
4001,32,0,1,1,49,7,0
4002,31.8,0,1,1,49,7,0
4003,31.7,0,1,1,49,7,0
4004,31.5,0,1,1,49,7,0
4005,31.4,0,1,1,49,7,0
4006,31.2,0,1,1,49,7,0
4007,31.1,0,1,1,49,7,0
4008,30.9,0,1,1,49,7,0
4009,30.8,0,1,1,49,7,0
4010,30.7,0,1,1,49,7,0
4011,30.5,0,1,1,49,7,0
4012,30.4,0,1,1,49,7,0
4013,30.2,0,1,1,49,7,0
4014,30.1,0,1,1,49,7,0
4015,29.9,0,1,1,49,7,0
4016,29.8,0,1,1,49,7,0
4017,29.7,0,1,1,49,7,0
4018,29.5,0,1,1,49,7,0
4019,29.4,0,1,1,49,7,0
4020,29.2,0,1,1,49,7,0
4021,29.1,0,1,1,49,7,0
4022,29,0,1,1,49,7,0
4023,28.8,0,1,1,49,7,0
4024,28.7,0,1,1,49,7,0
4025,28.5,0,1,1,49,7,0
4026,28.4,0,1,1,49,7,0
4027,28.2,0,1,1,49,7,0
4028,28.1,0,1,1,49,7,0
4029,28,0,1,1,49,7,0
4030,27.8,0,1,1,49,7,0
4031,27.7,0,1,1,49,7,0
4032,27.5,0,1,1,49,7,0
4033,27.4,0,1,1,49,7,0
4034,27.2,0,1,1,49,7,0
4035,27.1,0,1,1,49,7,0
4036,27,0,1,1,49,7,0
4037,26.8,0,1,1,49,7,0
4038,26.7,0,1,1,49,7,0
4039,26.5,0,1,1,49,7,0
4040,26.4,0,1,1,49,7,0
4041,26.3,0,1,1,49,7,0
4042,26.1,0,1,1,49,7,0
4043,26,0,1,1,49,7,0
4044,25.8,0,1,1,49,7,0
4045,25.7,0,1,1,49,7,0
4046,25.5,0,1,1,49,7,0
4047,25.4,0,1,1,49,7,0
4048,25.3,0,1,1,49,7,0
4049,25.1,0,1,1,49,7,0
4050,25,0,1,1,49,7,0
4051,24.8,0,1,1,49,7,0
4052,24.7,0,1,1,49,7,0
4053,24.5,0,1,1,49,7,0
4054,24.4,0,1,1,49,7,0
4055,24.3,0,1,1,49,7,0
4056,24.1,0,1,1,49,7,0
4057,24,0,1,1,49,7,0
4058,23.8,0,1,1,49,7,0
4059,23.7,0,1,1,49,7,0
4060,23.5,0,1,1,49,7,0
4061,23.4,0,1,1,49,7,0
4062,23.3,0,1,1,49,7,0
4063,23.1,0,1,1,49,7,0
4064,23,0,1,1,49,7,0
4065,22.8,0,1,1,49,7,0
4066,22.7,0,1,1,49,7,0
4067,22.5,0,1,1,49,7,0
4068,22.4,0,1,1,49,7,0
4069,22.3,0,1,1,49,7,0
4070,22.1,0,1,1,49,7,0
4071,22,0,1,1,49,7,0
4072,21.8,0,1,1,49,7,0
4073,21.7,0,1,1,49,7,0
4074,21.5,0,1,1,49,7,0
4075,21.4,0,1,1,49,7,0
4076,21.2,0,1,1,49,7,0
4077,21.1,0,1,1,49,7,0
4078,21,0,1,1,49,7,0
4079,20.8,0,1,1,49,7,0
4080,20.7,0,1,1,49,7,0
4081,20.5,0,1,1,49,7,0
4082,20.4,0,1,1,49,7,0
4083,20.2,0,1,1,49,7,0
4084,20.1,0,1,1,49,7,0
4085,19.9,0,1,1,49,7,0
4086,19.8,0,1,1,49,7,0
4087,19.7,0,1,1,49,7,0
4088,19.5,0,1,1,49,7,0
4089,19.4,0,1,1,49,7,0
4090,19.2,0,1,1,49,7,0
4091,19.1,0,1,1,49,7,0
4092,18.9,0,1,1,49,7,0
4093,18.8,0,1,1,49,7,0
4094,18.7,0,1,1,49,7,0
4095,18.5,0,1,1,49,7,0
4096,18.4,0,1,1,49,7,0
4097,18.2,0,1,1,49,7,0
4098,18.1,0,1,1,49,7,0
4099,17.9,0,1,1,49,7,0
4100,17.8,0,1,1,49,7,0
4101,17.7,0,1,1,49,7,0
4102,17.5,0,1,1,49,7,0
4103,17.4,0,1,1,49,7,0
4104,17.2,0,1,1,49,7,0
4105,17.1,0,1,1,49,7,0
4106,16.9,0,1,1,49,7,0
4107,16.8,0,1,1,49,7,0
4108,16.7,0,1,1,49,7,0
4109,16.5,0,1,1,49,7,0
4110,16.4,0,1,1,49,7,0
4111,16.2,0,1,1,49,7,0
4112,16.1,0,1,1,49,7,0
4113,16,0,1,1,49,7,0
4114,15.8,0,1,1,49,7,0
4115,15.7,0,1,1,49,7,0
4116,15.5,0,1,1,49,7,0
4117,15.4,0,1,1,49,7,0
4118,15.3,0,1,1,49,7,0
4119,15.1,0,1,1,49,7,0
4120,15,0,1,1,49,7,0
4121,14.8,0,1,1,49,7,0
4122,14.7,0,1,1,49,7,0
4123,14.6,0,1,1,49,7,0
4124,14.4,0,1,1,49,7,0
4125,14.3,0,1,1,49,7,0
4126,14.1,0,1,1,49,7,0
4127,14,0,1,1,49,7,0
4128,13.9,0,1,1,49,7,0
4129,13.7,0,1,1,49,7,0
4130,13.6,0,1,1,49,7,0
4131,13.4,0,1,1,49,7,0
4132,13.3,0,1,1,49,7,0
4133,13.2,0,1,1,49,7,0
4134,13,0,1,1,49,7,0
4135,12.9,0,1,1,49,7,0
4136,12.7,0,1,1,49,7,0
4137,12.6,0,1,1,49,7,0
4138,12.5,0,1,1,49,7,0
4139,12.3,0,1,1,49,7,0
4140,12.2,0,1,1,49,7,0
4141,12,0,1,1,49,7,0
4142,11.9,0,1,1,49,7,0
4143,11.8,0,1,1,49,7,0
4144,11.6,0,1,1,49,7,0
4145,11.5,0,1,1,49,7,0
4146,11.3,0,1,1,49,7,0
4147,11.2,0,1,1,49,7,0
4148,12.5,0,1,1,49,7,0
4149,13.7,0,1,1,49,7,0
4150,15,0,1,1,49,7,0
4151,16.2,0,1,1,49,7,0
4152,17.5,0,1,1,49,7,0
4153,18.7,0,1,1,49,7,0
4154,20,0,1,1,49,7,0
4155,21.2,0,1,1,49,7,0
4156,22.5,0,1,1,49,7,0
4157,23.7,0,1,1,49,7,0
4158,25,0,1,1,49,7,0
4159,26.2,0,1,1,49,7,0
4160,27.5,0,1,1,49,7,0
4161,28.7,0,1,1,49,7,0
4162,30,0,1,1,49,7,0
4163,31.2,0,1,1,49,7,0
4164,32.5,0,1,1,49,7,0
4165,33.7,0,1,1,49,7,0
4166,35,0,1,1,49,7,0
4167,36.2,0,1,1,49,7,0
4168,37.5,0,1,1,49,7,0
4169,38.7,0,1,1,49,7,0
4170,39.9,0,1,1,49,7,0
4171,41.2,0,1,1,49,7,0
4172,42.4,0,1,1,49,7,0
4173,43.2,0,1,1,49,7,0
4174,43,0,1,1,49,7,0
4175,42.9,0,1,1,49,7,0
4176,42.8,0,1,1,49,7,0
4177,42.6,0,1,1,49,7,0
4178,42.5,0,1,1,49,7,0
4179,42.4,0,1,1,49,7,0
4180,42.2,0,1,1,49,7,0
4181,42.1,0,1,1,49,7,0
4182,42,0,1,1,49,7,0
4183,41.8,0,1,1,49,7,0
4184,41.7,0,1,1,49,7,0
4185,41.5,0,1,1,49,7,0
4186,41.4,0,1,1,49,7,0
4187,41.3,0,1,1,49,7,0
4188,41.1,0,1,1,49,7,0
4189,41,0,1,1,49,7,0
4190,40.9,0,1,1,49,7,0
4191,40.7,0,1,1,49,7,0
4192,40.6,0,1,1,49,7,0
4193,40.4,0,1,1,49,7,0
4194,40.3,0,1,1,49,7,0
4195,40.2,0,1,1,49,7,0
4196,40,0,1,1,49,7,0
4197,39.9,0,1,1,49,7,0
4198,39.8,0,1,1,49,7,0
4199,39.6,0,1,1,49,7,0
4200,39.5,0,1,1,49,7,0
4201,39.3,0,1,1,49,7,0
4202,39.2,0,1,1,49,7,0
4203,39.1,0,1,1,49,7,0
4204,38.9,0,1,1,49,7,0
4205,38.8,0,1,1,49,7,0
4206,38.7,0,1,1,49,7,0
4207,38.5,0,1,1,49,7,0
4208,38.4,0,1,1,49,7,0
4209,38.2,0,1,1,49,7,0
4210,38.1,0,1,1,49,7,0
4211,38,0,1,1,49,7,0
4212,37.8,0,1,1,49,7,0
4213,37.7,0,1,1,49,7,0
4214,37.5,0,1,1,49,7,0
4215,37.4,0,1,1,49,7,0
4216,37.3,0,1,1,49,7,0
4217,37.1,0,1,1,49,7,0
4218,37,0,1,1,49,7,0
4219,36.8,0,1,1,49,7,0
4220,36.7,0,1,1,49,7,0
4221,36.6,0,1,1,49,7,0
4222,36.4,0,1,1,49,7,0
4223,36.3,0,1,1,49,7,0
4224,36.1,0,1,1,49,7,0
4225,36,0,1,1,49,7,0
4226,35.9,0,1,1,49,7,0
4227,35.7,0,1,1,49,7,0
4228,35.6,0,1,1,49,7,0
4229,35.4,0,1,1,49,7,0
4230,35.3,0,1,1,49,7,0
4231,35.2,0,1,1,49,7,0
4232,35,0,1,1,49,7,0
4233,34.9,0,1,1,49,7,0
4234,34.7,0,1,1,49,7,0
4235,34.6,0,1,1,49,7,0
4236,34.4,0,1,1,49,7,0
4237,34.3,0,1,1,49,7,0
4238,34.2,0,1,1,49,7,0
4239,34,0,1,1,49,7,0
4240,33.9,0,1,1,49,7,0
4241,33.7,0,1,1,49,7,0
4242,33.6,0,1,1,49,7,0
4243,33.5,0,1,1,49,7,0
4244,33.3,0,1,1,49,7,0
4245,33.2,0,1,1,49,7,0
4246,33,0,1,1,49,7,0
4247,32.9,0,1,1,49,7,0
4248,32.8,0,1,1,49,7,0
4249,32.6,0,1,1,49,7,0
4250,32.5,0,1,1,49,7,0
4251,32.3,0,1,1,49,7,0
4252,32.2,0,1,1,49,7,0
4253,32.1,0,1,1,49,7,0
4254,31.9,0,1,1,49,7,0
4255,31.8,0,1,1,49,7,0
4256,31.6,0,1,1,49,7,0
4257,31.5,0,1,1,49,7,0
4258,31.4,0,1,1,49,7,0
4259,31.2,0,1,1,49,7,0
4260,31.1,0,1,1,49,7,0
4261,30.9,0,1,1,49,7,0
4262,30.8,0,1,1,49,7,0
4263,30.7,0,1,1,49,7,0
4264,30.5,0,1,1,49,7,0
4265,30.4,0,1,1,49,7,0
4266,30.2,0,1,1,49,7,0
4267,30.1,0,1,1,49,7,0
4268,30,0,1,1,49,7,0
4269,29.8,0,1,1,49,7,0
4270,29.7,0,1,1,49,7,0
4271,29.6,0,1,1,49,7,0
4272,29.4,0,1,1,49,7,0
4273,29.3,0,1,1,49,7,0
4274,29.1,0,1,1,49,7,0
4275,29,0,1,1,49,7,0
4276,28.9,0,1,1,49,7,0
4277,28.7,0,1,1,49,7,0
4278,28.6,0,1,1,49,7,0
4279,28.4,0,1,1,49,7,0
4280,28.3,0,1,1,49,7,0
4281,28.2,0,1,1,49,7,0
4282,28,0,1,1,49,7,0
4283,27.9,0,1,1,49,7,0
4284,27.8,0,1,1,49,7,0
4285,27.6,0,1,1,49,7,0
4286,27.5,0,1,1,49,7,0
4287,27.3,0,1,1,49,7,0
4288,27.2,0,1,1,49,7,0
4289,27.1,0,1,1,49,7,0
4290,26.9,0,1,1,49,7,0
4291,26.8,0,1,1,49,7,0
4292,26.7,0,1,1,49,7,0
4293,26.5,0,1,1,49,7,0
4294,26.4,0,1,1,49,7,0
4295,26.3,0,1,1,49,7,0
4296,26.1,0,1,1,49,7,0
4297,26,0,1,1,49,7,0
4298,25.8,0,1,1,49,7,0
4299,25.7,0,1,1,49,7,0
4300,25.6,0,1,1,49,7,0
4301,25.4,0,1,1,49,7,0
4302,25.3,0,1,1,49,7,0
4303,25.2,0,1,1,49,7,0
4304,25,0,1,1,49,7,0
4305,24.9,0,1,1,49,7,0
4306,24.8,0,1,1,49,7,0
4307,24.6,0,1,1,49,7,0
4308,24.5,0,1,1,49,7,0
4309,24.4,0,1,1,49,7,0
4310,24.2,0,1,1,49,7,0
4311,24.1,0,1,1,49,7,0
4312,24,0,1,1,49,7,0
4313,23.8,0,1,1,49,7,0
4314,23.7,0,1,1,49,7,0
4315,23.6,0,1,1,49,7,0
4316,23.4,0,1,1,49,7,0
4317,23.3,0,1,1,49,7,0
4318,23.2,0,1,1,49,7,0
4319,23,0,1,1,49,7,0
4320,22.9,0,1,1,49,7,0
4321,22.8,0,1,1,49,7,0
4322,22.6,0,1,1,49,7,0
4323,22.5,0,1,1,49,7,0
4324,22.4,0,1,1,49,7,0
4325,22.3,0,1,1,49,7,0
4326,22.1,0,1,1,49,7,0
4327,22,0,1,1,49,7,0
4328,21.9,0,1,1,49,7,0
4329,21.7,0,1,1,49,7,0
4330,21.6,0,1,1,49,7,0
4331,21.5,0,1,1,49,7,0
4332,21.4,0,1,1,49,7,0
4333,21.2,0,1,1,49,7,0
4334,21.1,0,1,1,49,7,0
4335,21,0,1,1,49,7,0
4336,20.8,0,1,1,49,7,0
4337,20.7,0,1,1,49,7,0
4338,20.6,0,1,1,49,7,0
4339,20.5,0,1,1,49,7,0
4340,20.3,0,1,1,49,7,0
4341,20.2,0,1,1,49,7,0
4342,20.1,0,1,1,49,7,0
4343,19.9,0,1,1,49,7,0
4344,19.8,0,1,1,49,7,0
4345,19.7,0,1,1,49,7,0
4346,19.5,0,1,1,49,7,0
4347,19.4,0,1,1,49,7,0
4348,19.2,0,1,1,49,7,0
4349,19.1,0,1,1,49,7,0
4350,19,0,1,1,49,7,0
4351,20,0,1,1,49,7,0
4352,21.1,0,1,1,49,7,0
4353,22.1,0,1,1,49,7,0
4354,23.2,0,1,1,49,7,0
4355,24.2,0,1,1,49,7,0
4356,25.3,0,1,1,49,7,0
4357,26.3,0,1,1,49,7,0
4358,27.3,0,1,1,49,7,0
4359,28.4,0,1,1,49,7,0
4360,29.4,0,1,1,49,7,0
4361,30.4,0,1,1,49,7,0
4362,31.4,0,1,1,49,7,0
4363,32.4,0,1,1,49,7,0
4364,33.4,0,1,1,49,7,0
4365,34.4,0,1,1,49,7,0
4366,35.3,0,1,1,49,7,0
4367,36.3,0,1,1,49,7,0
4368,37.2,0,1,1,49,7,0
4369,38.1,0,1,1,49,7,0
4370,39.1,0,1,1,49,7,0
4371,40,0,1,1,49,7,0
4372,40.9,0,1,1,49,7,0
4373,41.8,0,1,1,49,7,0
4374,42.7,0,1,1,49,7,0
4375,43.6,0,1,1,49,7,0
4376,44.5,0,1,1,49,7,0
4377,45.4,0,1,1,49,7,0
4378,46.2,0,1,1,49,7,0
4379,47.1,0,1,1,49,7,0
4380,48,0,1,1,49,7,0
4381,48.9,0,1,1,49,7,0
4382,49.8,0,1,1,49,7,0
4383,50.6,0,1,1,49,7,0
4384,51.5,0,1,1,49,7,0
4385,52.4,0,1,1,49,7,0
4386,53.2,0,1,1,49,7,0
4387,54.1,0,1,1,49,7,0
4388,55,0,1,1,49,7,0
4389,55.9,0,1,1,49,7,0
4390,56.7,0,1,1,49,7,0
4391,57.6,0,1,1,49,7,0
4392,57.5,0,1,1,49,7,0
4393,57.4,0,1,1,49,7,0
4394,57.2,0,1,1,49,7,0
4395,57.1,0,1,1,49,7,0
4396,57,0,1,1,49,7,0
4397,56.9,0,1,1,49,7,0
4398,56.8,0,1,1,49,7,0
4399,56.6,0,1,1,49,7,0
4400,56.5,0,1,1,49,7,0
4401,56.4,0,1,1,49,7,0
4402,56.3,0,1,1,49,7,0
4403,56.1,0,1,1,49,7,0
4404,56,0,1,1,49,7,0
4405,55.9,0,1,1,49,7,0
4406,55.8,0,1,1,49,7,0
4407,55.7,0,1,1,49,7,0
4408,55.5,0,1,1,49,7,0
4409,55.4,0,1,1,49,7,0
4410,55.3,0,1,1,49,7,0
4411,55.2,0,1,1,49,7,0
4412,55,0,1,1,49,7,0
4413,54.9,0,1,1,49,7,0
4414,54.8,0,1,1,49,7,0
4415,54.7,0,1,1,49,7,0
4416,54.6,0,1,1,49,7,0
4417,54.4,0,1,1,49,7,0
4418,54.3,0,1,1,49,7,0
4419,54.2,0,1,1,49,7,0
4420,54.1,0,1,1,49,7,0
4421,53.9,0,1,1,49,7,0
4422,53.8,0,1,1,49,7,0
4423,53.7,0,1,1,49,7,0
4424,53.6,0,1,1,49,7,0
4425,53.4,0,1,1,49,7,0
4426,53.3,0,1,1,49,7,0
4427,53.2,0,1,1,49,7,0
4428,53.1,0,1,1,49,7,0
4429,52.9,0,1,1,49,7,0
4430,52.8,0,1,1,49,7,0
4431,52.7,0,1,1,49,7,0
4432,52.6,0,1,1,49,7,0
4433,52.4,0,1,1,49,7,0
4434,52.3,0,1,1,49,7,0
4435,52.2,0,1,1,49,7,0
4436,52.1,0,1,1,49,7,0
4437,51.9,0,1,1,49,7,0
4438,51.8,0,1,1,49,7,0
4439,51.7,0,1,1,49,7,0
4440,51.5,0,1,1,49,7,0
4441,51.4,0,1,1,49,7,0
4442,51.3,0,1,1,49,7,0
4443,51.2,0,1,1,49,7,0
4444,51,0,1,1,49,7,0
4445,50.9,0,1,1,49,7,0
4446,50.8,0,1,1,49,7,0
4447,50.7,0,1,1,49,7,0
4448,50.5,0,1,1,49,7,0
4449,50.4,0,1,1,49,7,0
4450,50.3,0,1,1,49,7,0
4451,50.1,0,1,1,49,7,0
4452,50,0,1,1,49,7,0
4453,49.9,0,1,1,49,7,0
4454,49.8,0,1,1,49,7,0
4455,49.6,0,1,1,49,7,0
4456,49.5,0,1,1,49,7,0
4457,49.4,0,1,1,49,7,0
4458,49.2,0,1,1,49,7,0
4459,49.1,0,1,1,49,7,0
4460,49,0,1,1,49,7,0
4461,48.9,0,1,1,49,7,0
4462,48.7,0,1,1,49,7,0
4463,48.6,0,1,1,49,7,0
4464,48.5,0,1,1,49,7,0
4465,48.3,0,1,1,49,7,0
4466,48.2,0,1,1,49,7,0
4467,48.1,0,1,1,49,7,0
4468,47.9,0,1,1,49,7,0
4469,47.8,0,1,1,49,7,0
4470,47.7,0,1,1,49,7,0
4471,47.5,0,1,1,49,7,0
4472,47.4,0,1,1,49,7,0
4473,47.2,0,1,1,49,7,0
4474,47.1,0,1,1,49,7,0
4475,46.9,0,1,1,49,7,0
4476,46.8,0,1,1,49,7,0
4477,46.7,0,1,1,49,7,0
4478,46.5,0,1,1,49,7,0
4479,46.4,0,1,1,49,7,0
4480,47.6,0,1,1,49,7,0
4481,48.8,0,1,1,49,7,0
4482,50,0,1,1,49,7,0
4483,51.2,0,1,1,49,7,0
4484,52.4,0,1,1,49,7,0
4485,53.6,0,1,1,49,7,0
4486,54.8,0,1,1,49,7,0
4487,56,0,1,1,49,7,0
4488,57.2,0,1,1,49,7,0
4489,58.4,0,1,1,49,7,0
4490,59.6,0,1,1,49,7,0
4491,60.8,0,1,1,49,7,0
4492,62,0,1,1,49,7,0
4493,63.1,0,1,1,49,7,0
4494,64.3,0,1,1,49,7,0
4495,65.5,0,1,1,49,7,0
4496,66.7,0,1,1,49,7,0
4497,67.9,0,1,1,49,7,0
4498,69.1,0,1,1,49,7,0
4499,70.4,0,1,1,49,7,0
4500,71.6,0,1,1,49,7,0
4501,72.8,0,1,1,49,7,0
4502,74.1,0,1,1,49,7,0
4503,75.3,0,1,1,49,7,0
4504,76.6,0,1,1,49,7,0
4505,77.8,0,1,1,49,7,0
4506,79.1,0,1,1,49,7,0
4507,78.9,0,1,1,49,7,0
4508,78.8,0,1,1,49,7,0
4509,78.6,0,1,1,49,7,0
4510,78.5,0,1,1,49,7,0
4511,78.3,0,1,1,49,7,0
4512,78.2,0,1,1,49,7,0
4513,78,0,1,1,49,7,0
4514,77.9,0,1,1,49,7,0
4515,77.7,0,1,1,49,7,0
4516,77.6,0,1,1,49,7,0
4517,77.4,0,1,1,49,7,0
4518,77.3,0,1,1,49,7,0
4519,77.1,0,1,1,49,7,0
4520,77,0,1,1,49,7,0
4521,76.8,0,1,1,49,7,0
4522,76.7,0,1,1,49,7,0
4523,76.5,0,1,1,49,7,0
4524,76.4,0,1,1,49,7,0
4525,76.2,0,1,1,49,7,0
4526,76.1,0,1,1,49,7,0
4527,75.9,0,1,1,49,7,0
4528,75.8,0,1,1,49,7,0
4529,75.6,0,1,1,49,7,0
4530,75.4,0,1,1,49,7,0
4531,75.3,0,1,1,49,7,0
4532,75.1,0,1,1,49,7,0
4533,75,0,1,1,49,7,0
4534,74.8,0,1,1,49,7,0
4535,74.7,0,1,1,49,7,0
4536,74.5,0,1,1,49,7,0
4537,74.4,0,1,1,49,7,0
4538,74.2,0,1,1,49,7,0
4539,74.1,0,1,1,49,7,0
4540,73.9,0,1,1,49,7,0
4541,73.8,0,1,1,49,7,0
4542,73.6,0,1,1,49,7,0
4543,73.5,0,1,1,49,7,0
4544,73.3,0,1,1,49,7,0
4545,73.2,0,1,1,49,7,0
4546,73,0,1,1,49,7,0
4547,72.9,0,1,1,49,7,0
4548,72.8,0,1,1,49,7,0
4549,72.6,0,1,1,49,7,0
4550,72.5,0,1,1,49,7,0
4551,72.3,0,1,1,49,7,0
4552,72.2,0,1,1,49,7,0
4553,72,0,1,1,49,7,0
4554,71.9,0,1,1,49,7,0
4555,71.7,0,1,1,49,7,0
4556,71.6,0,1,1,49,7,0
4557,71.5,0,1,1,49,7,0
4558,71.3,0,1,1,49,7,0
4559,71.2,0,1,1,49,7,0
4560,71,0,1,1,49,7,0
4561,70.9,0,1,1,49,7,0
4562,70.7,0,1,1,49,7,0
4563,70.6,0,1,1,49,7,0
4564,70.4,0,1,1,49,7,0
4565,70.3,0,1,1,49,7,0
4566,70.1,0,1,1,49,7,0
4567,70,0,1,1,49,7,0
4568,69.8,0,1,1,49,7,0
4569,69.7,0,1,1,49,7,0
4570,69.5,0,1,1,49,7,0
4571,69.3,0,1,1,49,7,0
4572,69.2,0,1,1,49,7,0
4573,69.1,0,1,1,49,7,0
4574,68.9,0,1,1,49,7,0
4575,68.8,0,1,1,49,7,0
4576,68.6,0,1,1,49,7,0
4577,68.5,0,1,1,49,7,0
4578,68.3,0,1,1,49,7,0
4579,68.2,0,1,1,49,7,0
4580,68,0,1,1,49,7,0
4581,67.9,0,1,1,49,7,0
4582,67.7,0,1,1,49,7,0
4583,67.6,0,1,1,49,7,0
4584,67.4,0,1,1,49,7,0
4585,67.3,0,1,1,49,7,0
4586,67.1,0,1,1,49,7,0
4587,67,0,1,1,49,7,0
4588,66.8,0,1,1,49,7,0
4589,66.7,0,1,1,49,7,0
4590,66.5,0,1,1,49,7,0
4591,66.4,0,1,1,49,7,0
4592,66.2,0,1,1,49,7,0
4593,66.1,0,1,1,49,7,0
4594,65.9,0,1,1,49,7,0
4595,65.8,0,1,1,49,7,0
4596,65.6,0,1,1,49,7,0
4597,65.5,0,1,1,49,7,0
4598,65.3,0,1,1,49,7,0
4599,65.1,0,1,1,49,7,0
4600,65,0,1,1,49,7,0
4601,64.8,0,1,1,49,7,0
4602,64.7,0,1,1,49,7,0
4603,64.5,0,1,1,49,7,0
4604,64.4,0,1,1,49,7,0
4605,64.2,0,1,1,49,7,0
4606,64.1,0,1,1,49,7,0
4607,63.9,0,1,1,49,7,0
4608,63.8,0,1,1,49,7,0
4609,63.6,0,1,1,49,7,0
4610,63.4,0,1,1,49,7,0
4611,63.3,0,1,1,49,7,0
4612,63.1,0,1,1,49,7,0
4613,63,0,1,1,49,7,0
4614,62.8,0,1,1,49,7,0
4615,62.7,0,1,1,49,7,0
4616,62.5,0,1,1,49,7,0
4617,62.4,0,1,1,49,7,0
4618,62.2,0,1,1,49,7,0
4619,62,0,1,1,49,7,0
4620,61.9,0,1,1,49,7,0
4621,61.7,0,1,1,49,7,0
4622,61.6,0,1,1,49,7,0
4623,61.4,0,1,1,49,7,0
4624,61.3,0,1,1,49,7,0
4625,61.1,0,1,1,49,7,0
4626,60.9,0,1,1,49,7,0
4627,60.8,0,1,1,49,7,0
4628,60.6,0,1,1,49,7,0
4629,60.5,0,1,1,49,7,0
4630,60.3,0,1,1,49,7,0
4631,60.2,0,1,1,49,7,0
4632,60,0,1,1,49,7,0
4633,59.9,0,1,1,49,7,0
4634,59.7,0,1,1,49,7,0
4635,59.5,0,1,1,49,7,0
4636,59.4,0,1,1,49,7,0
4637,59.2,0,1,1,49,7,0
4638,59.1,0,1,1,49,7,0
4639,58.9,0,1,1,49,7,0
4640,58.8,0,1,1,49,7,0
4641,58.6,0,1,1,49,7,0
4642,58.5,0,1,1,49,7,0
4643,58.3,0,1,1,49,7,0
4644,58.2,0,1,1,49,7,0
4645,58,0,1,1,49,7,0
4646,57.9,0,1,1,49,7,0
4647,57.8,0,1,1,49,7,0
4648,57.6,0,1,1,49,7,0
4649,57.5,0,1,1,49,7,0
4650,57.4,0,1,1,49,7,0
4651,57.2,0,1,1,49,7,0
4652,57.1,0,1,1,49,7,0
4653,56.9,0,1,1,49,7,0
4654,56.8,0,1,1,49,7,0
4655,56.7,0,1,1,49,7,0
4656,56.5,0,1,1,49,7,0
4657,56.4,0,1,1,49,7,0
4658,56.3,0,1,1,49,7,0
4659,56.1,0,1,1,49,7,0
4660,56,0,1,1,49,7,0
4661,55.9,0,1,1,49,7,0
4662,55.7,0,1,1,49,7,0
4663,55.6,0,1,1,49,7,0
4664,55.5,0,1,1,49,7,0
4665,55.3,0,1,1,49,7,0
4666,55.2,0,1,1,49,7,0
4667,55,0,1,1,49,7,0
4668,54.9,0,1,1,49,7,0
4669,54.8,0,1,1,49,7,0
4670,54.6,0,1,1,49,7,0
4671,54.5,0,1,1,49,7,0
4672,54.4,0,1,1,49,7,0
4673,54.2,0,1,1,49,7,0
4674,54.1,0,1,1,49,7,0
4675,54,0,1,1,49,7,0
4676,53.8,0,1,1,49,7,0
4677,53.7,0,1,1,49,7,0
4678,53.5,0,1,1,49,7,0
4679,53.4,0,1,1,49,7,0
4680,53.3,0,1,1,49,7,0
4681,53.1,0,1,1,49,7,0
4682,53,0,1,1,49,7,0
4683,52.9,0,1,1,49,7,0
4684,52.7,0,1,1,49,7,0
4685,52.6,0,1,1,49,7,0
4686,52.4,0,1,1,49,7,0
4687,52.3,0,1,1,49,7,0
4688,52.2,0,1,1,49,7,0
4689,52,0,1,1,49,7,0
4690,51.9,0,1,1,49,7,0
4691,51.7,0,1,1,49,7,0
4692,51.6,0,1,1,49,7,0
4693,51.5,0,1,1,49,7,0
4694,51.3,0,1,1,49,7,0
4695,51.2,0,1,1,49,7,0
4696,51,0,1,1,49,7,0
4697,50.9,0,1,1,49,7,0
4698,50.8,0,1,1,49,7,0
4699,50.6,0,1,1,49,7,0
4700,50.5,0,1,1,49,7,0
4701,50.3,0,1,1,49,7,0
4702,50.2,0,1,1,49,7,0
4703,50.1,0,1,1,49,7,0
4704,49.9,0,1,1,49,7,0
4705,49.8,0,1,1,49,7,0
4706,49.6,0,1,1,49,7,0
4707,49.5,0,1,1,49,7,0
4708,49.3,0,1,1,49,7,0
4709,49.2,0,1,1,49,7,0
4710,49.1,0,1,1,49,7,0
4711,48.9,0,1,1,49,7,0
4712,48.8,0,1,1,49,7,0
4713,48.6,0,1,1,49,7,0
4714,48.5,0,1,1,49,7,0
4715,49.6,0,1,1,49,7,0
4716,50.8,0,1,1,49,7,0
4717,52,0,1,1,49,7,0
4718,53.2,0,1,1,49,7,0
4719,54.3,0,1,1,49,7,0
4720,55.5,0,1,1,49,7,0
4721,56.7,0,1,1,49,7,0
4722,57.9,0,1,1,49,7,0
4723,59.1,0,1,1,49,7,0
4724,60.3,0,1,1,49,7,0
4725,61.5,0,1,1,49,7,0
4726,62.7,0,1,1,49,7,0
4727,64,0,1,1,49,7,0
4728,65.2,0,1,1,49,7,0
4729,66.5,0,1,1,49,7,0
4730,67.7,0,1,1,49,7,0
4731,69,0,1,1,49,7,0
4732,70.3,0,1,1,49,7,0
4733,70.1,0,1,1,49,7,0
4734,70,0,1,1,49,7,0
4735,69.8,0,1,1,49,7,0
4736,69.7,0,1,1,49,7,0
4737,69.5,0,1,1,49,7,0
4738,69.3,0,1,1,49,7,0
4739,69.2,0,1,1,49,7,0
4740,69,0,1,1,49,7,0
4741,68.9,0,1,1,49,7,0
4742,68.8,0,1,1,49,7,0
4743,68.6,0,1,1,49,7,0
4744,68.5,0,1,1,49,7,0
4745,68.3,0,1,1,49,7,0
4746,68.2,0,1,1,49,7,0
4747,69.3,0,1,1,49,7,0
4748,70.5,0,1,1,49,7,0
4749,71.6,0,1,1,49,7,0
4750,72.8,0,1,1,49,7,0
4751,73.9,0,1,1,49,7,0
4752,75.1,0,1,1,49,7,0
4753,76.3,0,1,1,49,7,0
4754,77.4,0,1,1,49,7,0
4755,78.6,0,1,1,49,7,0
4756,79.8,0,1,1,49,7,0
4757,81,0,1,1,49,7,0
4758,80.9,0,1,1,49,7,0
4759,80.7,0,1,1,49,7,0
4760,80.6,0,1,1,49,7,0
4761,80.4,0,1,1,49,7,0
4762,80.3,0,1,1,49,7,0
4763,80.1,0,1,1,49,7,0
4764,80,0,1,1,49,7,0
4765,79.8,0,1,1,49,7,0
4766,79.7,0,1,1,49,7,0
4767,79.5,0,1,1,49,7,0
4768,79.4,0,1,1,49,7,0
4769,79.2,0,1,1,49,7,0
4770,79.1,0,1,1,49,7,0
4771,78.9,0,1,1,49,7,0
4772,78.8,0,1,1,49,7,0
4773,78.6,0,1,1,49,7,0
4774,78.5,0,1,1,49,7,0
4775,78.4,0,1,1,49,7,0
4776,78.2,0,1,1,49,7,0
4777,78.1,0,1,1,49,7,0
4778,77.9,0,1,1,49,7,0
4779,77.8,0,1,1,49,7,0
4780,77.6,0,1,1,49,7,0
4781,77.5,0,1,1,49,7,0
4782,77.3,0,1,1,49,7,0
4783,77.2,0,1,1,49,7,0
4784,77,0,1,1,49,7,0
4785,76.9,0,1,1,49,7,0
4786,76.7,0,1,1,49,7,0
4787,76.6,0,1,1,49,7,0
4788,76.5,0,1,1,49,7,0
4789,76.3,0,1,1,49,7,0
4790,76.2,0,1,1,49,7,0
4791,76,0,1,1,49,7,0
4792,75.9,0,1,1,49,7,0
4793,75.7,0,1,1,49,7,0
4794,75.6,0,1,1,49,7,0
4795,75.5,0,1,1,49,7,0
4796,75.3,0,1,1,49,7,0
4797,75.2,0,1,1,49,7,0
4798,75.1,0,1,1,49,7,0
4799,74.9,0,1,1,49,7,0
4800,74.8,0,1,1,49,7,0
4801,74.7,0,1,1,49,7,0
4802,74.5,0,1,1,49,7,0
4803,74.4,0,1,1,49,7,0
4804,74.2,0,1,1,49,7,0
4805,74.1,0,1,1,49,7,0
4806,74,0,1,1,49,7,0
4807,73.8,0,1,1,49,7,0
4808,73.7,0,1,1,49,7,0
4809,73.6,0,1,1,49,7,0
4810,73.4,0,1,1,49,7,0
4811,73.3,0,1,1,49,7,0
4812,73.1,0,1,1,49,7,0
4813,73,0,1,1,49,7,0
4814,72.9,0,1,1,49,7,0
4815,72.7,0,1,1,49,7,0
4816,72.6,0,1,1,49,7,0
4817,72.4,0,1,1,49,7,0
4818,72.3,0,1,1,49,7,0
4819,72.2,0,1,1,49,7,0
4820,72,0,1,1,49,7,0
4821,71.9,0,1,1,49,7,0
4822,71.7,0,1,1,49,7,0
4823,71.6,0,1,1,49,7,0
4824,71.4,0,1,1,49,7,0
4825,71.3,0,1,1,49,7,0
4826,71.2,0,1,1,49,7,0
4827,71,0,1,1,49,7,0
4828,70.9,0,1,1,49,7,0
4829,70.7,0,1,1,49,7,0
4830,70.6,0,1,1,49,7,0
4831,70.4,0,1,1,49,7,0
4832,70.3,0,1,1,49,7,0
4833,70.2,0,1,1,49,7,0
4834,70,0,1,1,49,7,0
4835,69.9,0,1,1,49,7,0
4836,69.7,0,1,1,49,7,0
4837,69.6,0,1,1,49,7,0
4838,69.4,0,1,1,49,7,0
4839,69.3,0,1,1,49,7,0
4840,69.2,0,1,1,49,7,0
4841,69,0,1,1,49,7,0
4842,68.9,0,1,1,49,7,0
4843,68.8,0,1,1,49,7,0
4844,68.6,0,1,1,49,7,0
4845,68.5,0,1,1,49,7,0
4846,68.4,0,1,1,49,7,0
4847,69.4,0,1,1,49,7,0
4848,70.5,0,1,1,49,7,0
4849,71.6,0,1,1,49,7,0
4850,72.6,0,1,1,49,7,0
4851,73.7,0,1,1,49,7,0
4852,74.8,0,1,1,49,7,0
4853,75.8,0,1,1,49,7,0
4854,76.9,0,1,1,49,7,0
4855,78,0,1,1,49,7,0
4856,79,0,1,1,49,7,0
4857,80.1,0,1,1,49,7,0
4858,81.2,0,1,1,49,7,0
4859,82.3,0,1,1,49,7,0
4860,83.4,0,1,1,49,7,0
4861,84.6,0,1,1,49,7,0
4862,85.7,0,1,1,49,7,0
4863,87,0,1,1,49,7,0
4864,88.2,0,1,1,49,7,0
4865,89.5,0,1,1,49,7,0
4866,90.8,0,1,1,49,7,0
4867,92.2,0,1,1,49,7,0
4868,93.6,0,1,1,49,7,0
4869,94.9,0,1,1,49,7,0
4870,96.3,0,1,1,49,7,0
4871,97.8,0,1,1,49,7,0
4872,99.2,0,1,1,49,7,0
4873,100,0,1,1,49,7,0
4874,99.8,0,1,1,49,7,0
4875,99.7,0,1,1,49,7,0
4876,99.6,0,1,1,49,7,0
4877,99.5,0,1,1,49,7,0
4878,99.4,0,1,1,49,7,0
4879,99.3,0,1,1,49,7,0
4880,99.2,0,1,1,49,7,0
4881,99.1,0,1,1,49,7,0
4882,98.9,0,1,1,49,7,0
4883,98.8,0,1,1,49,7,0
4884,98.7,0,1,1,49,7,0
4885,98.6,0,1,1,49,7,0
4886,98.5,0,1,1,49,7,0
4887,98.3,0,1,1,49,7,0
4888,98.2,0,1,1,49,7,0
4889,98.1,0,1,1,49,7,0
4890,98,0,1,1,49,7,0
4891,97.9,0,1,1,49,7,0
4892,97.7,0,1,1,49,7,0
4893,97.6,0,1,1,49,7,0
4894,97.5,0,1,1,49,7,0
4895,97.4,0,1,1,49,7,0
4896,97.2,0,1,1,49,7,0
4897,97.1,0,1,1,49,7,0
4898,97,0,1,1,49,7,0
4899,96.9,0,1,1,49,7,0
4900,96.7,0,1,1,49,7,0
4901,96.6,0,1,1,49,7,0
4902,96.5,0,1,1,49,7,0
4903,96.4,0,1,1,49,7,0
4904,96.2,0,1,1,49,7,0
4905,96.1,0,1,1,49,7,0
4906,96,0,1,1,49,7,0
4907,95.9,0,1,1,49,7,0
4908,95.7,0,1,1,49,7,0
4909,95.6,0,1,1,49,7,0
4910,95.5,0,1,1,49,7,0
4911,95.3,0,1,1,49,7,0
4912,95.2,0,1,1,49,7,0
4913,95.1,0,1,1,49,7,0
4914,94.9,0,1,1,49,7,0
4915,94.8,0,1,1,49,7,0
4916,94.7,0,1,1,49,7,0
4917,94.5,0,1,1,49,7,0
4918,94.4,0,1,1,49,7,0
4919,94.2,0,1,1,49,7,0
4920,94.1,0,1,1,49,7,0
4921,94,0,1,1,49,7,0
4922,93.8,0,1,1,49,7,0
4923,93.7,0,1,1,49,7,0
4924,93.5,0,1,1,49,7,0
4925,93.4,0,1,1,49,7,0
4926,93.2,0,1,1,49,7,0
4927,93.1,0,1,1,49,7,0
4928,92.9,0,1,1,49,7,0
4929,92.8,0,1,1,49,7,0
4930,92.6,0,1,1,49,7,0
4931,92.5,0,1,1,49,7,0
4932,92.3,0,1,1,49,7,0
4933,92.2,0,1,1,49,7,0
4934,92,0,1,1,49,7,0
4935,91.9,0,1,1,49,7,0
4936,91.7,0,1,1,49,7,0
4937,91.6,0,1,1,49,7,0
4938,91.4,0,1,1,49,7,0
4939,91.2,0,1,1,49,7,0
4940,91.1,0,1,1,49,7,0
4941,90.9,0,1,1,49,7,0
4942,90.8,0,1,1,49,7,0
4943,90.6,0,1,1,49,7,0
4944,90.4,0,1,1,49,7,0
4945,90.3,0,1,1,49,7,0
4946,90.1,0,1,1,49,7,0
4947,89.9,0,1,1,49,7,0
4948,89.8,0,1,1,49,7,0
4949,89.6,0,1,1,49,7,0
4950,89.4,0,1,1,49,7,0
4951,89.3,0,1,1,49,7,0
4952,89.1,0,1,1,49,7,0
4953,88.9,0,1,1,49,7,0
4954,88.8,0,1,1,49,7,0
4955,88.7,0,1,1,49,7,0
4956,88.5,0,1,1,49,7,0
4957,88.4,0,1,1,49,7,0
4958,88.3,0,1,1,49,7,0
4959,88.2,0,1,1,49,7,0
4960,88.1,0,1,1,49,7,0
4961,87.9,0,1,1,49,7,0
4962,87.8,0,1,1,49,7,0
4963,87.7,0,1,1,49,7,0
4964,87.6,0,1,1,49,7,0
4965,87.4,0,1,1,49,7,0
4966,87.3,0,1,1,49,7,0
4967,87.2,0,1,1,49,7,0
4968,87.1,0,1,1,49,7,0
4969,87,0,1,1,49,7,0
4970,86.8,0,1,1,49,7,0
4971,86.7,0,1,1,49,7,0
4972,86.6,0,1,1,49,7,0
4973,86.5,0,1,1,49,7,0
4974,86.3,0,1,1,49,7,0
4975,86.2,0,1,1,49,7,0
4976,86.1,0,1,1,49,7,0
4977,86,0,1,1,49,7,0
4978,85.8,0,1,1,49,7,0
4979,85.7,0,1,1,49,7,0
4980,85.6,0,1,1,49,7,0
4981,85.4,0,1,1,49,7,0
4982,85.3,0,1,1,49,7,0
4983,85.2,0,1,1,49,7,0
4984,85.1,0,1,1,49,7,0
4985,84.9,0,1,1,49,7,0
4986,84.8,0,1,1,49,7,0
4987,84.7,0,1,1,49,7,0
4988,84.5,0,1,1,49,7,0
4989,84.4,0,1,1,49,7,0
4990,84.3,0,1,1,49,7,0
4991,84.1,0,1,1,49,7,0
4992,84,0,1,1,49,7,0
4993,85,0,1,1,49,7,0
4994,86.1,0,1,1,49,7,0
4995,87.1,0,1,1,49,7,0
4996,88.2,0,1,1,49,7,0
4997,89.3,0,1,1,49,7,0
4998,90.4,0,1,1,49,7,0
4999,91.5,0,1,1,49,7,0
5000,92.6,0,1,1,49,7,0
